source_path	target_path	size	sha256	source_sha256	transform
UploadFiles/xwzx/2026/10/202610061512373012.Png	UploadFiles/xwzx/2026/10/202610061512373012.png	2035218	bf671db49decac7f1a5962eaa4b171f5bedd13ef062443af5a4e7d9006cf9d04	bf671db49decac7f1a5962eaa4b171f5bedd13ef062443af5a4e7d9006cf9d04	
UploadFiles/xwzx/2026/10/202610061512380071.Png	UploadFiles/xwzx/2026/10/202610061512380071.png	2070469	a28c1c1fad9f2fd3c5adbc39b3671a447e80f5bb62ceced93b209735f65fb208	a28c1c1fad9f2fd3c5adbc39b3671a447e80f5bb62ceced93b209735f65fb208	
UploadFiles/xwzx/2026/10/202610061512383535.Png	UploadFiles/xwzx/2026/10/202610061512383535.png	2540266	503a88e4d268fcb75caee865f6af9233a00d40f5e96ea6dd2ea3877b6351b4ea	503a88e4d268fcb75caee865f6af9233a00d40f5e96ea6dd2ea3877b6351b4ea	
UploadFiles/xwzx/2026/10/202610061512384863.Png	UploadFiles/xwzx/2026/10/202610061512384863.png	1134398	3e41f1f3339b00920c4888168c9b4e50696ec0da22039524ac348b36381e76ef	3e41f1f3339b00920c4888168c9b4e50696ec0da22039524ac348b36381e76ef	
UploadFiles/xwzx/2026/10/202610071019532347.png	UploadFiles/xwzx/2026/10/202610071019532347.png	35394	767a7de989d915d637d6e8222c799cb6ffd305d6833fab84538b776375474349	767a7de989d915d637d6e8222c799cb6ffd305d6833fab84538b776375474349	
UploadFiles/xwzx/2026/10/202610071437568494.png	UploadFiles/xwzx/2026/10/202610071437568494.png	142031	addc01e833b4d3af4b783f3b30c3f13ef78ab0a3052a5ce3bc2698bdc066b806	addc01e833b4d3af4b783f3b30c3f13ef78ab0a3052a5ce3bc2698bdc066b806	
UploadFiles/xwzx/2026/10/202610071437570017.png	UploadFiles/xwzx/2026/10/202610071437570017.png	329260	334a45fda789a9c21074d0e7f2673b6c390a28295872889fd29f1002eddd1daf	334a45fda789a9c21074d0e7f2673b6c390a28295872889fd29f1002eddd1daf	
UploadFiles/xwzx/2026/10/202610071448094991.png	UploadFiles/xwzx/2026/10/202610071448094991.png	33114	a49b72349ecc131f8e8e04a9ce92609265574b29dc5b2a75829d489ea3e4b2b7	a49b72349ecc131f8e8e04a9ce92609265574b29dc5b2a75829d489ea3e4b2b7	
UploadFiles/xwzx/2026/10/202610071448344082.png	UploadFiles/xwzx/2026/10/202610071448344082.png	34086	04e0177b1f0d5920211e926b4e087dc1a3f99dcce2ed08e917ca126bbc64f3fb	04e0177b1f0d5920211e926b4e087dc1a3f99dcce2ed08e917ca126bbc64f3fb	
UploadFiles/xwzx/2026/10/202610071449008005.png	UploadFiles/xwzx/2026/10/202610071449008005.png	32574	ff5448f17f30e7f04904e7e717a97b5688729536877aea77ad60db223e6357e9	ff5448f17f30e7f04904e7e717a97b5688729536877aea77ad60db223e6357e9	
UploadFiles/xwzx/2026/10/202610071523298936.png	UploadFiles/xwzx/2026/10/202610071523298936.png	33257	22560abc09cb20c412e4b0fad490498083c75d28c4c75d9e8666134988b3cb6a	22560abc09cb20c412e4b0fad490498083c75d28c4c75d9e8666134988b3cb6a	
UploadFiles/xwzx/2026/10/202610071523503019.png	UploadFiles/xwzx/2026/10/202610071523503019.png	32640	33df751bb69edb00c699ebf6b6e68df7e7d9024c4bbaa94e8e0d532ab73eb54d	33df751bb69edb00c699ebf6b6e68df7e7d9024c4bbaa94e8e0d532ab73eb54d	
UploadFiles/xwzx/2026/10/202610071555525620.JPG	UploadFiles/xwzx/2026/10/202610071555525620.jpg	3228936	13031463433932c3fd025962737703364d2d852dd99f7dccd4b3b33e8ff5ffb7	13031463433932c3fd025962737703364d2d852dd99f7dccd4b3b33e8ff5ffb7	
UploadFiles/xwzx/2026/10/202610071555589450.JPG	UploadFiles/xwzx/2026/10/202610071555589450.jpg	15207562	e58a2df52588144e53b2f0dc6b891a64d22f0f9036925d76ae3e0dd8e4982de1	e58a2df52588144e53b2f0dc6b891a64d22f0f9036925d76ae3e0dd8e4982de1	
UploadFiles/xwzx/2026/10/202610071556020516.JPG	UploadFiles/xwzx/2026/10/202610071556020516.jpg	16394221	a218c703bd3647d661d3c2f514ff6f69077001af7209d131d734144e7d2cc7c6	a218c703bd3647d661d3c2f514ff6f69077001af7209d131d734144e7d2cc7c6	
UploadFiles/xwzx/2026/10/202610071556058032.JPG	UploadFiles/xwzx/2026/10/202610071556058032.jpg	16647573	9c561c4e4fe6db1ac9db8edfdc2bb910b53e754b1ac6f74cfc432adaf1502f9f	9c561c4e4fe6db1ac9db8edfdc2bb910b53e754b1ac6f74cfc432adaf1502f9f	
UploadFiles/xwzx/2026/10/202610071556101226.JPG	UploadFiles/xwzx/2026/10/202610071556101226.jpg	15782580	e0700fbb0a89e65b29a4e8db80b09cadba01a8d4d218b4a31c322fa4ae5ec2b0	e0700fbb0a89e65b29a4e8db80b09cadba01a8d4d218b4a31c322fa4ae5ec2b0	
UploadFiles/xwzx/2026/10/202610071556118990.JPG	UploadFiles/xwzx/2026/10/202610071556118990.jpg	15903837	422263f8ae45acfcf2335f560e80402cd3964a06262e82296cc89577eb8978c0	422263f8ae45acfcf2335f560e80402cd3964a06262e82296cc89577eb8978c0	
UploadFiles/xwzx/2026/10/202610071556133493.JPG	UploadFiles/xwzx/2026/10/202610071556133493.jpg	15941340	3b39ca7966b2cd757469c7f3dbbcaae69e0952372dfc20c5593978b92ace7ea4	3b39ca7966b2cd757469c7f3dbbcaae69e0952372dfc20c5593978b92ace7ea4	
UploadFiles/xwzx/2026/10/202610071556210773.JPG	UploadFiles/xwzx/2026/10/202610071556210773.jpg	15001635	eb5976fcc218ab9b1b5fadfe6bf323cf53ca586e5fb25d1921e3ac99ce492ed7	eb5976fcc218ab9b1b5fadfe6bf323cf53ca586e5fb25d1921e3ac99ce492ed7	
UploadFiles/xwzx/2026/10/202610071556229099.JPG	UploadFiles/xwzx/2026/10/202610071556229099.jpg	22613693	1a3a9f2af71eb309bc838b9d1368482c22855d4197a5b10e76923bc61ae42239	1a3a9f2af71eb309bc838b9d1368482c22855d4197a5b10e76923bc61ae42239	
UploadFiles/xwzx/2026/10/202610071556234918.JPG	UploadFiles/xwzx/2026/10/202610071556234918.jpg	4442754	f4bdbd05776545a61f525d726a679c5a2d01b6aa81ef94b8d33ea32818b54d10	f4bdbd05776545a61f525d726a679c5a2d01b6aa81ef94b8d33ea32818b54d10	
UploadFiles/xwzx/2026/10/202610071556254944.JPG	UploadFiles/xwzx/2026/10/202610071556254944.jpg	6877071	bccc5ee8a747af2fd399b4c4b2e6a9033530bcbd40dfd469df99bb9f5fe99b81	bccc5ee8a747af2fd399b4c4b2e6a9033530bcbd40dfd469df99bb9f5fe99b81	
UploadFiles/xwzx/2026/10/202610071556340403.JPG	UploadFiles/xwzx/2026/10/202610071556340403.jpg	21532633	c432a86f14782e8c8715423a1de2440cb32abc529ec6889e17d5b32277e9317f	c432a86f14782e8c8715423a1de2440cb32abc529ec6889e17d5b32277e9317f	
UploadFiles/xwzx/2026/10/202610071556348832.JPG	UploadFiles/xwzx/2026/10/202610071556348832.jpg	15513606	7cf0a83eb149060b43e71bb1a6f846782713ed9b8519910109f606873cbd22d9	7cf0a83eb149060b43e71bb1a6f846782713ed9b8519910109f606873cbd22d9	
UploadFiles/xwzx/2026/10/202610071556363686.JPG	UploadFiles/xwzx/2026/10/202610071556363686.jpg	22384416	5790c8212bf371a21ba0c07aaa40d30a0e5c748b0e2fc3332494fe8f7f7cbcfe	5790c8212bf371a21ba0c07aaa40d30a0e5c748b0e2fc3332494fe8f7f7cbcfe	
UploadFiles/xwzx/2026/10/202610071556377265.JPG	UploadFiles/xwzx/2026/10/202610071556377265.jpg	5952005	6c48e674b35fc4014e4266ef16a6f9ffb82d04aa43ce484055c81ef9e5e604b7	6c48e674b35fc4014e4266ef16a6f9ffb82d04aa43ce484055c81ef9e5e604b7	
UploadFiles/xwzx/2026/10/202610071556395292.JPG	UploadFiles/xwzx/2026/10/202610071556395292.jpg	6244446	1edd7ced992a591ef8fa5f6262bab60adb6c5970ed59d05aa9d4eacdcdfd35b1	1edd7ced992a591ef8fa5f6262bab60adb6c5970ed59d05aa9d4eacdcdfd35b1	
UploadFiles/xwzx/2026/10/202610071556431371.JPG	UploadFiles/xwzx/2026/10/202610071556431371.jpg	248795	8efd104569377e595109e056a81344c7f6a14b8c4e0b161b18d790ab5ca1710e	8efd104569377e595109e056a81344c7f6a14b8c4e0b161b18d790ab5ca1710e	
UploadFiles/xwzx/2026/10/202610071556437767.jpg	UploadFiles/xwzx/2026/10/202610071556437767.jpg	6857290	0c09b726a305779996256b0b5666ad83594b6241cbc216b081479d33483a64a9	0c09b726a305779996256b0b5666ad83594b6241cbc216b081479d33483a64a9	
UploadFiles/xwzx/2026/10/202610071556501419.JPG	UploadFiles/xwzx/2026/10/202610071556501419.jpg	22132036	1e298502321946d38f444a877f5f700bbe14e060c9a4f683822ef527f5c7258d	1e298502321946d38f444a877f5f700bbe14e060c9a4f683822ef527f5c7258d	
UploadFiles/xwzx/2026/10/202610071556514515.JPG	UploadFiles/xwzx/2026/10/202610071556514515.jpg	21946870	f9160fcaee969805be2b04204e0d05f13a46eb03809698b1adf995d099b4d066	f9160fcaee969805be2b04204e0d05f13a46eb03809698b1adf995d099b4d066	
UploadFiles/xwzx/2026/10/202610071556530736.JPG	UploadFiles/xwzx/2026/10/202610071556530736.jpg	21965638	01cbfd853b4ce39947b71b6f1b5eddd98abf2b6eddfc701dd22c3d43c4af3cfe	01cbfd853b4ce39947b71b6f1b5eddd98abf2b6eddfc701dd22c3d43c4af3cfe	
UploadFiles/xwzx/2026/10/202610071557046402.JPG	UploadFiles/xwzx/2026/10/202610071557046402.jpg	25382139	b01d61a78ce94aaeb988c541df3f85b4d463167d1e06718b4fad798bc2e46c1b	b01d61a78ce94aaeb988c541df3f85b4d463167d1e06718b4fad798bc2e46c1b	
UploadFiles/xwzx/2026/10/202610071557072322.JPG	UploadFiles/xwzx/2026/10/202610071557072322.jpg	23070393	00212cb5dd2e362907adfb80f59969392e66fb29a86f5d37ed9018b43545f9c1	00212cb5dd2e362907adfb80f59969392e66fb29a86f5d37ed9018b43545f9c1	
UploadFiles/xwzx/2026/10/202610071557083632.JPG	UploadFiles/xwzx/2026/10/202610071557083632.jpg	23995471	c75755a3d4cd93e6013a82bb61cd56d929394e3d6cdbcd243e44e6fd8574d13c	c75755a3d4cd93e6013a82bb61cd56d929394e3d6cdbcd243e44e6fd8574d13c	
UploadFiles/xwzx/2026/10/202610071557149161.JPG	UploadFiles/xwzx/2026/10/202610071557149161.jpg	7994386	bf0ea06cd9d0b6f83cb22181c8275b5d89c3bc7eaad3fb2bb43dff0b1dbf2307	bf0ea06cd9d0b6f83cb22181c8275b5d89c3bc7eaad3fb2bb43dff0b1dbf2307	
UploadFiles/xwzx/2026/10/202610071557161616.JPG	UploadFiles/xwzx/2026/10/202610071557161616.jpg	22867311	c9de1f5d7c21c333d55cb8b4e1d342bf3c070fea7bb1c097b6a4e6c330c3d35c	c9de1f5d7c21c333d55cb8b4e1d342bf3c070fea7bb1c097b6a4e6c330c3d35c	
UploadFiles/xwzx/2026/10/202610071557186929.JPG	UploadFiles/xwzx/2026/10/202610071557186929.jpg	21528104	99882652e4a4bcb6e8b584361e60d42388ee27de1455288fe7b1b2d00fa747e0	99882652e4a4bcb6e8b584361e60d42388ee27de1455288fe7b1b2d00fa747e0	
UploadFiles/xwzx/2026/10/202610071557195911.JPG	UploadFiles/xwzx/2026/10/202610071557195911.jpg	7016761	a064dbaf41a6c6df572cd7af4b905f14519d8a6f18c9efacb7c2ae87c4312a6f	a064dbaf41a6c6df572cd7af4b905f14519d8a6f18c9efacb7c2ae87c4312a6f	
UploadFiles/xwzx/2026/10/202610071557200047.JPG	UploadFiles/xwzx/2026/10/202610071557200047.jpg	1425825	391c7b4c5aab7542577193b0982b501aa1cd4fdf33d912a7b366f0bc63e662d9	391c7b4c5aab7542577193b0982b501aa1cd4fdf33d912a7b366f0bc63e662d9	
UploadFiles/xwzx/2026/10/202610071557219263.JPG	UploadFiles/xwzx/2026/10/202610071557219263.jpg	1722905	0ec02de1790a259edfafb14926349b7b1cdca16ee945d3bb3352747ba746e0d6	0ec02de1790a259edfafb14926349b7b1cdca16ee945d3bb3352747ba746e0d6	
UploadFiles/xwzx/2026/10/202610071557257357.JPG	UploadFiles/xwzx/2026/10/202610071557257357.jpg	3416169	4de5ade35fb095b5e70c618781e39f52a80462f8593cd7eb77d1f532ea594fcf	4de5ade35fb095b5e70c618781e39f52a80462f8593cd7eb77d1f532ea594fcf	
UploadFiles/xwzx/2026/10/202610071557261584.JPG	UploadFiles/xwzx/2026/10/202610071557261584.jpg	1508980	be47951bb718b1e8404a4a883acef1f50ba39419e4b19b0c52c5e2aed0145fb0	be47951bb718b1e8404a4a883acef1f50ba39419e4b19b0c52c5e2aed0145fb0	
UploadFiles/xwzx/2026/10/202610071557280993.JPG	UploadFiles/xwzx/2026/10/202610071557280993.jpg	2260312	8f6db6cf8155dbfb5931c0d1c3516af99c9ac1cc4a6c4ec7f6b9424f0389abb7	8f6db6cf8155dbfb5931c0d1c3516af99c9ac1cc4a6c4ec7f6b9424f0389abb7	
UploadFiles/xwzx/2026/10/202610071557298034.JPG	UploadFiles/xwzx/2026/10/202610071557298034.jpg	23429298	43307ae4af07f9a3c90224e2b1c10350c7df693e86ad121cabd1aafc05668673	43307ae4af07f9a3c90224e2b1c10350c7df693e86ad121cabd1aafc05668673	
UploadFiles/xwzx/2026/10/202610071557301173.jpg	UploadFiles/xwzx/2026/10/202610071557301173.jpg	3168081	15ce98b45d6d8c3ea43804f22912479df689ded6e2bcfd689b952b01487850b4	15ce98b45d6d8c3ea43804f22912479df689ded6e2bcfd689b952b01487850b4	
UploadFiles/xwzx/2026/10/202610071557305697.JPG	UploadFiles/xwzx/2026/10/202610071557305697.jpg	22253956	e9df646e2c987ff2e9b1126146de795fe1e4420b2d13136972f80c9a2382fd58	e9df646e2c987ff2e9b1126146de795fe1e4420b2d13136972f80c9a2382fd58	
UploadFiles/xwzx/2026/10/202610071557311122.jpg	UploadFiles/xwzx/2026/10/202610071557311122.jpg	4424941	40a5cdfbec091b16dd20500673bcfa243bd1b4d311314fabdb0f183f3c7ef9ac	40a5cdfbec091b16dd20500673bcfa243bd1b4d311314fabdb0f183f3c7ef9ac	
UploadFiles/xwzx/2026/10/202610071557311122_600_340.jpg	UploadFiles/xwzx/2026/10/202610071557311122_600_340.jpg	47509	5574f942b5317cf5f9d41348ae69e56e5a52c0bff27fefc71d686e9b6b09e9d1	5574f942b5317cf5f9d41348ae69e56e5a52c0bff27fefc71d686e9b6b09e9d1	
UploadFiles/xwzx/2026/8/202608110854229228_600_340.png	UploadFiles/xwzx/2026/8/202608110854229228_600_340.png	159703	1a36b1f1d21fafdcbabb4143888af81e5c47653f2e186417f5d141c0e0b4c83c	1a36b1f1d21fafdcbabb4143888af81e5c47653f2e186417f5d141c0e0b4c83c	
UploadFiles/xwzx/2026/8/202608141105378118.png	UploadFiles/xwzx/2026/8/202608141105378118.png	304538	fe3c9d5a3ce4c2463de25169abec4c8996d1801e807fc10ffb90b111fc770c47	fe3c9d5a3ce4c2463de25169abec4c8996d1801e807fc10ffb90b111fc770c47	
UploadFiles/xwzx/2026/8/202608141105378587.png	UploadFiles/xwzx/2026/8/202608141105378587.png	509802	aabaac70d69ca760a6f6c85b66e90028fbb4a5dcd21fa323152a76de158d0200	aabaac70d69ca760a6f6c85b66e90028fbb4a5dcd21fa323152a76de158d0200	
UploadFiles/xwzx/2026/8/202608141105378587_600_340.png	UploadFiles/xwzx/2026/8/202608141105378587_600_340.png	61743	0295e13fb97db95ea67a96d59dde81c598beca1126da0c0cb56c1ed117a5274c	0295e13fb97db95ea67a96d59dde81c598beca1126da0c0cb56c1ed117a5274c	
UploadFiles/xwzx/2026/8/202608171808265878.png	UploadFiles/xwzx/2026/8/202608171808265878.png	21366	d05ec2d768b457a30fabb6f7adf2707e279c02d96dd90ff70615350cf5b0ef2f	d05ec2d768b457a30fabb6f7adf2707e279c02d96dd90ff70615350cf5b0ef2f	
UploadFiles/xwzx/2026/8/202608171809168065.png	UploadFiles/xwzx/2026/8/202608171809168065.png	19355	1c496fe0c4dc82e29b53a0e020d55cfbd998df21308b3a4ce9538d584c509e6a	1c496fe0c4dc82e29b53a0e020d55cfbd998df21308b3a4ce9538d584c509e6a	
UploadFiles/xwzx/2026/8/202608171809339414.png	UploadFiles/xwzx/2026/8/202608171809339414.png	53617	4796141d7c07e135596c1339cb53e67c8d698452604918f6a134d97c19f068ac	4796141d7c07e135596c1339cb53e67c8d698452604918f6a134d97c19f068ac	
UploadFiles/xwzx/2026/8/202608201621570272_600_340.jpg	UploadFiles/xwzx/2026/8/202608201621570272_600_340.jpg	27446	6bf49a08173d6b79d72acf9a2ab77b1fb8df3f32d0802e52be8072b8f8a910d1	6bf49a08173d6b79d72acf9a2ab77b1fb8df3f32d0802e52be8072b8f8a910d1	
UploadFiles/xwzx/2026/8/202608201622417639_600_340.jpg	UploadFiles/xwzx/2026/8/202608201622417639_600_340.jpg	37373	402cdc5c13ec00f5b5330f2411b973de6fbf1bfad59d943cd71d3dd756532544	402cdc5c13ec00f5b5330f2411b973de6fbf1bfad59d943cd71d3dd756532544	
UploadFiles/xwzx/2026/8/202608201623243645_600_340.JPG	UploadFiles/xwzx/2026/8/202608201623243645_600_340.jpg	39631	e0602d8c5735bed8a770d778d07aaaa5190bc521dc854660891f0b911ad8ca1d	e0602d8c5735bed8a770d778d07aaaa5190bc521dc854660891f0b911ad8ca1d	
UploadFiles/xwzx/2026/8/202608201624175136.jpg	UploadFiles/xwzx/2026/8/202608201624175136.jpg	3694313	cbb4e3d23423e4549d19173985633d8518e6bc4ba04ad2feb445f2c121d01b5c	cbb4e3d23423e4549d19173985633d8518e6bc4ba04ad2feb445f2c121d01b5c	
UploadFiles/xwzx/2026/8/202608201624175136_600_340.jpg	UploadFiles/xwzx/2026/8/202608201624175136_600_340.jpg	45605	256e6edc3ad216e4abcd107e64d9d40112b3ed01ffbb14915d31a529d4446324	256e6edc3ad216e4abcd107e64d9d40112b3ed01ffbb14915d31a529d4446324	
UploadFiles/xwzx/2026/8/202608201625491238.JPG	UploadFiles/xwzx/2026/8/202608201625491238.jpg	20742015	f1259c942efb4b1230c296d985f6e9a85999f0da5fec223b6a350bbf406e2445	f1259c942efb4b1230c296d985f6e9a85999f0da5fec223b6a350bbf406e2445	
UploadFiles/xwzx/2026/8/202608201625514114.JPG	UploadFiles/xwzx/2026/8/202608201625514114.jpg	24937978	68325f21ea8b96c98a6f8e491eab8924178490465a39e086d986f4fb0f137ac5	68325f21ea8b96c98a6f8e491eab8924178490465a39e086d986f4fb0f137ac5	
UploadFiles/xwzx/2026/8/202608201626217870.JPG	UploadFiles/xwzx/2026/8/202608201626217870.jpg	19654932	632d5bcf2d0aa617cf278ac19aa4272c5f2d796900290fe8ef7a6e1f291dd425	632d5bcf2d0aa617cf278ac19aa4272c5f2d796900290fe8ef7a6e1f291dd425	
UploadFiles/xwzx/2026/8/202608201626240046.JPG	UploadFiles/xwzx/2026/8/202608201626240046.jpg	20067309	aa917a6bc6100776fd809e8fdf0011c009e1544e5601bb802377e8451f722702	aa917a6bc6100776fd809e8fdf0011c009e1544e5601bb802377e8451f722702	
UploadFiles/xwzx/2026/8/202608201626248119.JPG	UploadFiles/xwzx/2026/8/202608201626248119.jpg	19510732	510aa9a84163479f87208323fe53b8573765895044bb712cdec456d18a65e3ff	510aa9a84163479f87208323fe53b8573765895044bb712cdec456d18a65e3ff	
UploadFiles/xwzx/2026/8/202608201626529728.JPG	UploadFiles/xwzx/2026/8/202608201626529728.jpg	20275786	68ae43ceb503cbab2c4bcf563b58b3d2ddf9926be29d8b4578b80ab1dbffad80	68ae43ceb503cbab2c4bcf563b58b3d2ddf9926be29d8b4578b80ab1dbffad80	
UploadFiles/xwzx/2026/8/202608201627012501.JPG	UploadFiles/xwzx/2026/8/202608201627012501.jpg	26570747	044651f71e208dafec2481e3486c4bf079b1c94d25d4fd497b58c85cef1577fb	044651f71e208dafec2481e3486c4bf079b1c94d25d4fd497b58c85cef1577fb	
UploadFiles/xwzx/2026/8/202608201627026618.JPG	UploadFiles/xwzx/2026/8/202608201627026618.jpg	18500492	69a000de4f7075285fa170ec6658194d1e8f2ab7f9abffe36f7fa635aeb6da5f	69a000de4f7075285fa170ec6658194d1e8f2ab7f9abffe36f7fa635aeb6da5f	
UploadFiles/xwzx/2026/8/202608201627042267.JPG	UploadFiles/xwzx/2026/8/202608201627042267.jpg	24075829	adf463a0916a468bfa2e1c38bb43b0d2145fa5b2579e11e07065e087084e1c32	adf463a0916a468bfa2e1c38bb43b0d2145fa5b2579e11e07065e087084e1c32	
UploadFiles/xwzx/2026/8/202608201627261773.jpg	UploadFiles/xwzx/2026/8/202608201627261773.jpg	2651813	f8d2ac4a848a46944bb89e88bef0511d0dc95b75605dc8b1092782927a73ba71	f8d2ac4a848a46944bb89e88bef0511d0dc95b75605dc8b1092782927a73ba71	
UploadFiles/xwzx/2026/8/202608201627264929.jpg	UploadFiles/xwzx/2026/8/202608201627264929.jpg	273013	887298387ffa00a03f804511e1ac41aa64e886a125ba83b582b2744401de765a	887298387ffa00a03f804511e1ac41aa64e886a125ba83b582b2744401de765a	
UploadFiles/xwzx/2026/8/202608201627268875.jpg	UploadFiles/xwzx/2026/8/202608201627268875.jpg	3927736	6acbe0cfcf6a36ef4f878377bd66ba015362a8451cb54bab9fb437439c93e760	6acbe0cfcf6a36ef4f878377bd66ba015362a8451cb54bab9fb437439c93e760	
UploadFiles/xwzx/2026/8/202608201627269902.jpg	UploadFiles/xwzx/2026/8/202608201627269902.jpg	3446264	441f82603f7413457e89654007b66e65c84d45ad9e1d3c5e3ea719e9b1e67a51	441f82603f7413457e89654007b66e65c84d45ad9e1d3c5e3ea719e9b1e67a51	
UploadFiles/xwzx/2026/8/202608201627439374.jpg	UploadFiles/xwzx/2026/8/202608201627439374.jpg	3672061	b266d3a9d4ee9bcc0b623460d99a4d3a4c63bb0f14fdb4235bc7c16f86122ce4	b266d3a9d4ee9bcc0b623460d99a4d3a4c63bb0f14fdb4235bc7c16f86122ce4	
UploadFiles/xwzx/2026/8/202608201628260459.JPG	UploadFiles/xwzx/2026/8/202608201628260459.jpg	19993617	b09b7ef3b7f409095e6993a4a26551ad13a60088e7200ec40b026b03dded4735	b09b7ef3b7f409095e6993a4a26551ad13a60088e7200ec40b026b03dded4735	
UploadFiles/xwzx/2026/8/202608201628281070.JPG	UploadFiles/xwzx/2026/8/202608201628281070.jpg	23558156	c157c374c94f00f659a08973bea40a077076e7724a05351e1166c8818a45b27c	c157c374c94f00f659a08973bea40a077076e7724a05351e1166c8818a45b27c	
UploadFiles/xwzx/2026/8/202608201628574679.JPG	UploadFiles/xwzx/2026/8/202608201628574679.jpg	19503087	82c80c2ba98adbf964703ac9e1ae1f9ece53a2db63960b9e394701010a6b065f	82c80c2ba98adbf964703ac9e1ae1f9ece53a2db63960b9e394701010a6b065f	
UploadFiles/xwzx/2026/8/202608201628576888.JPG	UploadFiles/xwzx/2026/8/202608201628576888.jpg	22541035	de23763485ad0b1b25fd80a6a0f55e115e3f69c62d0261bff3c2d70980784af6	de23763485ad0b1b25fd80a6a0f55e115e3f69c62d0261bff3c2d70980784af6	
UploadFiles/xwzx/2026/8/202608201629014659.JPG	UploadFiles/xwzx/2026/8/202608201629014659.jpg	20628415	a68aa5dc22dc7daf0bb58b497bec7f86010c740e7286f44877a6aed291c73628	a68aa5dc22dc7daf0bb58b497bec7f86010c740e7286f44877a6aed291c73628	
UploadFiles/xwzx/2026/8/202608201629235393.JPG	UploadFiles/xwzx/2026/8/202608201629235393.jpg	21730205	1eaf0e7c42a979c366c0cea7adf8f7ad2801cb4368d89ecb3a6145dcc4e2d9b9	1eaf0e7c42a979c366c0cea7adf8f7ad2801cb4368d89ecb3a6145dcc4e2d9b9	
UploadFiles/xwzx/2026/8/202608201629264798.JPG	UploadFiles/xwzx/2026/8/202608201629264798.jpg	20161867	865217f892b28a3cfc904ddeb0bf89ef0221e86c06866c17dd71b2a419fb74b1	865217f892b28a3cfc904ddeb0bf89ef0221e86c06866c17dd71b2a419fb74b1	
UploadFiles/xwzx/2026/8/202608201629529798.JPG	UploadFiles/xwzx/2026/8/202608201629529798.jpg	25351669	2993d85950a0b44ce023d27a0186a2079e2814348f1d119f7c40fd3ad77b1209	2993d85950a0b44ce023d27a0186a2079e2814348f1d119f7c40fd3ad77b1209	
UploadFiles/xwzx/2026/8/202608201629594264.JPG	UploadFiles/xwzx/2026/8/202608201629594264.jpg	24174592	5d768443f0a5cd9eb2180166a664cf299a74a9c1f0d145f3d29a5efacf448564	5d768443f0a5cd9eb2180166a664cf299a74a9c1f0d145f3d29a5efacf448564	
UploadFiles/xwzx/2026/8/202608201630033733.JPG	UploadFiles/xwzx/2026/8/202608201630033733.jpg	25763742	a957faae39f88079f30bfa3a468564914427f79a90fe66c81d17db3c53b6d29e	a957faae39f88079f30bfa3a468564914427f79a90fe66c81d17db3c53b6d29e	
UploadFiles/xwzx/2026/8/202608201630042130.JPG	UploadFiles/xwzx/2026/8/202608201630042130.jpg	24141454	a4780971439473b841d739e474b9927982c0b781c5c3affc0f79ae1cbf1584c3	a4780971439473b841d739e474b9927982c0b781c5c3affc0f79ae1cbf1584c3	
UploadFiles/xwzx/2026/8/202608201631001285.JPG	UploadFiles/xwzx/2026/8/202608201631001285.jpg	25936545	47ff653890414e028bf4f1e5eedb022b5991423daf3e35b10246024d1c8c06aa	47ff653890414e028bf4f1e5eedb022b5991423daf3e35b10246024d1c8c06aa	
UploadFiles/xwzx/2026/8/202608201631050792.JPG	UploadFiles/xwzx/2026/8/202608201631050792.jpg	25762152	324152200bc63356d42928a15c4904115dd101df4cfaaa1478fa866402e59553	324152200bc63356d42928a15c4904115dd101df4cfaaa1478fa866402e59553	
UploadFiles/xwzx/2026/8/202608201631068787.JPG	UploadFiles/xwzx/2026/8/202608201631068787.jpg	26033615	fffca8c8894c4de06da9168e7ae5c6dd97f07665bc0a06f7257e530b88ae4487	fffca8c8894c4de06da9168e7ae5c6dd97f07665bc0a06f7257e530b88ae4487	
UploadFiles/xwzx/2026/8/202608201631250818.jpg	UploadFiles/xwzx/2026/8/202608201631250818.jpg	2824748	14190e4deabaa84abbdc998a835da3c6a48d393a1e13c037d89d209a2a1819a9	14190e4deabaa84abbdc998a835da3c6a48d393a1e13c037d89d209a2a1819a9	
UploadFiles/xwzx/2026/8/202608201631254243.jpg	UploadFiles/xwzx/2026/8/202608201631254243.jpg	3453078	0431bac264422ec14669e8b447959e88e389ac8b543708bd76d65ec75930e0dc	0431bac264422ec14669e8b447959e88e389ac8b543708bd76d65ec75930e0dc	
UploadFiles/xwzx/2026/8/202608201631269931.jpg	UploadFiles/xwzx/2026/8/202608201631269931.jpg	6058826	43929a49a02c867b9444cbe9f403c0237d04f370083567c6e41a93a26e8ba04e	43929a49a02c867b9444cbe9f403c0237d04f370083567c6e41a93a26e8ba04e	
UploadFiles/xwzx/2026/8/202608201631439266.jpg	UploadFiles/xwzx/2026/8/202608201631439266.jpg	1793793	36895c05d1b365bbd6e728092f9ffdd5e95de592fed466963b6f02ffce62a7f0	36895c05d1b365bbd6e728092f9ffdd5e95de592fed466963b6f02ffce62a7f0	
UploadFiles/xwzx/2026/8/202608201631482173.jpg	UploadFiles/xwzx/2026/8/202608201631482173.jpg	7127360	175a6ba3d86d832780f07eed1f58ec69b50b92ff37fd8d5e45fdca4c45e44add	175a6ba3d86d832780f07eed1f58ec69b50b92ff37fd8d5e45fdca4c45e44add	
UploadFiles/xwzx/2026/8/202608201631499921.jpg	UploadFiles/xwzx/2026/8/202608201631499921.jpg	18925023	ee3875a5a18fbebbb726543ea450029af5e2dc81243948d093c116be91a0a3e7	ee3875a5a18fbebbb726543ea450029af5e2dc81243948d093c116be91a0a3e7	
UploadFiles/xwzx/2026/8/202608201632560575.Jpeg	UploadFiles/xwzx/2026/8/202608201632560575.jpeg	399262	172d603a00107b6c1beebea49ee9f176d5acb393d2a03f9c1bc294778732fe1b	172d603a00107b6c1beebea49ee9f176d5acb393d2a03f9c1bc294778732fe1b	
UploadFiles/xwzx/2026/8/202608201632562033.Jpeg	UploadFiles/xwzx/2026/8/202608201632562033.jpeg	214065	43853a0ad7333750de87c79a49f9f8b5a91ceb7d37e5c3a8a1dc9db3274e942c	43853a0ad7333750de87c79a49f9f8b5a91ceb7d37e5c3a8a1dc9db3274e942c	
UploadFiles/xwzx/2026/8/202608201632568607.Jpeg	UploadFiles/xwzx/2026/8/202608201632568607.jpeg	263873	9ef8d8ee660db87e1accb3b0790b53cbcac641a2fdcfbbf11415f06ea072e883	9ef8d8ee660db87e1accb3b0790b53cbcac641a2fdcfbbf11415f06ea072e883	
UploadFiles/xwzx/2026/8/202608201632569757.Jpeg	UploadFiles/xwzx/2026/8/202608201632569757.jpeg	239403	40525e27785321c5383c09d5c00714c098482e45117c2b35544cd1bc9a48badd	40525e27785321c5383c09d5c00714c098482e45117c2b35544cd1bc9a48badd	
UploadFiles/xwzx/2026/8/202608201632573532.Jpeg	UploadFiles/xwzx/2026/8/202608201632573532.jpeg	382935	73658c8d82db8747d3c694648345e3dbab2dddbe39744712649af2be2e429ed2	73658c8d82db8747d3c694648345e3dbab2dddbe39744712649af2be2e429ed2	
UploadFiles/xwzx/2026/8/202608201632575631.Png	UploadFiles/xwzx/2026/8/202608201632575631.png	440289	f5bc636cac8add719e84948b18b9719ac22cd2444810b65c59a4230f782298ad	f5bc636cac8add719e84948b18b9719ac22cd2444810b65c59a4230f782298ad	
UploadFiles/xwzx/2026/8/202608201632577278.Jpeg	UploadFiles/xwzx/2026/8/202608201632577278.jpeg	404382	930e129e71bfc8fe46986f4f0ff1be623bcebdb41abd0f87612321594d571b6a	930e129e71bfc8fe46986f4f0ff1be623bcebdb41abd0f87612321594d571b6a	
UploadFiles/xwzx/2026/8/202608201632578021.Png	UploadFiles/xwzx/2026/8/202608201632578021.png	1489285	d605cfdf87d272d9be438274748d71a318cf2965dd0c79aa983e8513ced5465a	d605cfdf87d272d9be438274748d71a318cf2965dd0c79aa983e8513ced5465a	
UploadFiles/xwzx/2026/8/202608201632579992.Jpeg	UploadFiles/xwzx/2026/8/202608201632579992.jpeg	404031	8ff482258101eb871148a5094827b605c48f5f050cda6f8ac76cb1c11bc91df9	8ff482258101eb871148a5094827b605c48f5f050cda6f8ac76cb1c11bc91df9	
UploadFiles/xwzx/2026/8/202608201632582279.Png	UploadFiles/xwzx/2026/8/202608201632582279.png	448185	ad5cea28de37cbfd4fb1a5a12302fdc5012fa8bb3345bdc098c5b81d44ebf7c9	ad5cea28de37cbfd4fb1a5a12302fdc5012fa8bb3345bdc098c5b81d44ebf7c9	
UploadFiles/xwzx/2026/8/202608201632589435.Png	UploadFiles/xwzx/2026/8/202608201632589435.png	439430	c923eb00ad4c8dd7162545d48474bebe78c581270f5320b28d5242c5caf3c75f	c923eb00ad4c8dd7162545d48474bebe78c581270f5320b28d5242c5caf3c75f	
UploadFiles/xwzx/2026/8/202608201634560368.jpg	UploadFiles/xwzx/2026/8/202608201634560368.jpg	259989	ffbfdb57033d10e6109174828df0d6698964919930cb9f5284b1bc43b55db2da	ffbfdb57033d10e6109174828df0d6698964919930cb9f5284b1bc43b55db2da	
UploadFiles/xwzx/2026/8/202608201634568456.jpg	UploadFiles/xwzx/2026/8/202608201634568456.jpg	424542	64b54c260498445f65becb7484f1fcd8983d58dcd23d88995bcb1fd8289e68ca	64b54c260498445f65becb7484f1fcd8983d58dcd23d88995bcb1fd8289e68ca	
UploadFiles/xwzx/2026/8/202608201634569989.jpg	UploadFiles/xwzx/2026/8/202608201634569989.jpg	310070	1a8e43a4aed94b01365c492a315c46b2717da1f55982092e8a4a5a216ad45fa2	1a8e43a4aed94b01365c492a315c46b2717da1f55982092e8a4a5a216ad45fa2	
UploadFiles/xwzx/2026/8/202608201634570109.jpeg	UploadFiles/xwzx/2026/8/202608201634570109.jpeg	508988	ac77ee1e2a67d0435a764300ce9902eec811d36b245e51ab5257b84c22143030	ac77ee1e2a67d0435a764300ce9902eec811d36b245e51ab5257b84c22143030	
UploadFiles/xwzx/2026/8/202608201634573169.jpg	UploadFiles/xwzx/2026/8/202608201634573169.jpg	448476	1abaa7de6f6196c4b325719710afa3d717bfc8f680d638faae47ab68332f1f90	1abaa7de6f6196c4b325719710afa3d717bfc8f680d638faae47ab68332f1f90	
UploadFiles/xwzx/2026/8/202608201634573371.jpg	UploadFiles/xwzx/2026/8/202608201634573371.jpg	387437	ebb286bb4abfea985abdc153aef8b3e8c713e5e9230d36a4ba59a8cfc069737d	ebb286bb4abfea985abdc153aef8b3e8c713e5e9230d36a4ba59a8cfc069737d	
UploadFiles/xwzx/2026/8/202608201634577024.jpg	UploadFiles/xwzx/2026/8/202608201634577024.jpg	313531	125494a55e12da880029da9f4c64495c0217e150a4b874be730b7178c260e20e	125494a55e12da880029da9f4c64495c0217e150a4b874be730b7178c260e20e	
UploadFiles/xwzx/2026/8/202608201634577450.jpg	UploadFiles/xwzx/2026/8/202608201634577450.jpg	194452	9e05cf25250eb1bbf82441c54dd5911462dc2d43346116d10727fa2d0457f820	9e05cf25250eb1bbf82441c54dd5911462dc2d43346116d10727fa2d0457f820	
UploadFiles/xwzx/2026/8/202608201636152630.jpg	UploadFiles/xwzx/2026/8/202608201636152630.jpg	1420166	fd1fb4c1cc3738f415c7b6d3ab000cf1f6ecbb0792d4227e5eb02f2647e61a45	fd1fb4c1cc3738f415c7b6d3ab000cf1f6ecbb0792d4227e5eb02f2647e61a45	
UploadFiles/xwzx/2026/8/202608201636152630_600_340.JPG	UploadFiles/xwzx/2026/8/202608201636152630_600_340.jpg	67649	d7b79464518c45515f153ecf37ee40612bafc2fa8066900ba0729aca1bf4b81a	d7b79464518c45515f153ecf37ee40612bafc2fa8066900ba0729aca1bf4b81a	
UploadFiles/xwzx/2026/8/202608201636156191.png	UploadFiles/xwzx/2026/8/202608201636156191.png	772042	d44adb88f5beee2ea2768c9c156f7ba226f08ab224a8049d860fe99cef1f7ed8	d44adb88f5beee2ea2768c9c156f7ba226f08ab224a8049d860fe99cef1f7ed8	
UploadFiles/xwzx/2026/8/202608201636159420.png	UploadFiles/xwzx/2026/8/202608201636159420.png	884637	9c7ebc0395c3c8c9b2e04e826b047e355f7daba121f76de727dd83d9c0d4441c	9c7ebc0395c3c8c9b2e04e826b047e355f7daba121f76de727dd83d9c0d4441c	
UploadFiles/xwzx/2026/8/202608201636266425.jpg	UploadFiles/xwzx/2026/8/202608201636266425.jpg	60624	e4d7686feb76f5249c61aebc721f6ac2e89a9562be7474ef81b8776d367be2a4	e4d7686feb76f5249c61aebc721f6ac2e89a9562be7474ef81b8776d367be2a4	
UploadFiles/xwzx/2026/8/202608201636279750.png	UploadFiles/xwzx/2026/8/202608201636279750.png	653474	0bd583321f4193423fc4b9e9998ca540a1cb2112ecb0498864999699450ba262	0bd583321f4193423fc4b9e9998ca540a1cb2112ecb0498864999699450ba262	
UploadFiles/xwzx/2026/8/202608201636381710.png	UploadFiles/xwzx/2026/8/202608201636381710.png	413750	b6d5be2571d3ec7d035d60f2ec8ff1e015f1e6e80b8e9e3b03f3efefb34bcae2	b6d5be2571d3ec7d035d60f2ec8ff1e015f1e6e80b8e9e3b03f3efefb34bcae2	
UploadFiles/xwzx/2026/8/202608201637148428.png	UploadFiles/xwzx/2026/8/202608201637148428.png	399063	48a2d928e73d43d68bd43a58ae30221dcd1ddd5637da94d3e273c302eba0dbb0	48a2d928e73d43d68bd43a58ae30221dcd1ddd5637da94d3e273c302eba0dbb0	
UploadFiles/xwzx/2026/8/202608201637252831.png	UploadFiles/xwzx/2026/8/202608201637252831.png	401286	5c7e0b32e02abff455352fa58a5ecd5c72c8775b40c499bdc1e13333e30a2f42	5c7e0b32e02abff455352fa58a5ecd5c72c8775b40c499bdc1e13333e30a2f42	
UploadFiles/xwzx/2026/8/202608201637404515.png	UploadFiles/xwzx/2026/8/202608201637404515.png	310889	112a7805354700374d5f27c5a56c2105f7ace10018afcb050a057fbf3cd6f34b	112a7805354700374d5f27c5a56c2105f7ace10018afcb050a057fbf3cd6f34b	
UploadFiles/xwzx/2026/8/202608201637416172.png	UploadFiles/xwzx/2026/8/202608201637416172.png	840936	7d99de7315a774dfd13a26f23ba7ead8c76b75305ed3a080a8b0bbed4c1f624d	7d99de7315a774dfd13a26f23ba7ead8c76b75305ed3a080a8b0bbed4c1f624d	
UploadFiles/xwzx/2026/8/202608201637419061.png	UploadFiles/xwzx/2026/8/202608201637419061.png	853511	8762626f858424a16a0e2cb86fda1f3a54f5facfa37e45dbeed5369317ace972	8762626f858424a16a0e2cb86fda1f3a54f5facfa37e45dbeed5369317ace972	
UploadFiles/xwzx/2026/8/202608201637570907.png	UploadFiles/xwzx/2026/8/202608201637570907.png	811419	315078d9df22b4ea3932c3cdce53c0832d3b64c9fecf68a573880e2aa1be1318	315078d9df22b4ea3932c3cdce53c0832d3b64c9fecf68a573880e2aa1be1318	
UploadFiles/xwzx/2026/8/202608201637572016.png	UploadFiles/xwzx/2026/8/202608201637572016.png	441232	2e329bee5127692e1d514ed4834976f334b34c2cd7576ec546918d72b0d8b776	2e329bee5127692e1d514ed4834976f334b34c2cd7576ec546918d72b0d8b776	
UploadFiles/xwzx/2026/8/202608201637575678.png	UploadFiles/xwzx/2026/8/202608201637575678.png	719814	4aea39c64501ff0f757bccc28b015d16488d25d54cc735c85bf2b86d028faf66	4aea39c64501ff0f757bccc28b015d16488d25d54cc735c85bf2b86d028faf66	
UploadFiles/xwzx/2026/8/202608201638083918.jpg	UploadFiles/xwzx/2026/8/202608201638083918.jpg	1987006	8731d72793dc80e114a2c9fe3242773bc13bf4a95b4dfdff52d621d125d5cc2a	8731d72793dc80e114a2c9fe3242773bc13bf4a95b4dfdff52d621d125d5cc2a	
UploadFiles/xwzx/2026/8/202608201638311003.jpg	UploadFiles/xwzx/2026/8/202608201638311003.jpg	1989213	4dcba238a4f880c85ed5e906ad24b3cc7b33a6b3a044f886da4f56ad7100f7ea	4dcba238a4f880c85ed5e906ad24b3cc7b33a6b3a044f886da4f56ad7100f7ea	
UploadFiles/xwzx/2026/8/202608201639025911.jpg	UploadFiles/xwzx/2026/8/202608201639025911.jpg	2437457	e9da089877d3c76868ecf544f9dc255391fdfbe83bb6ac32008da98563ce3f7e	e9da089877d3c76868ecf544f9dc255391fdfbe83bb6ac32008da98563ce3f7e	
UploadFiles/xwzx/2026/8/202608201639170039.png	UploadFiles/xwzx/2026/8/202608201639170039.png	11312557	63c3f849ef6207bf3a239efbbed7fdd31539e5b0020e0dc41fac5485da9d4e90	63c3f849ef6207bf3a239efbbed7fdd31539e5b0020e0dc41fac5485da9d4e90	
UploadFiles/xwzx/2026/8/202608201639354808.JPG	UploadFiles/xwzx/2026/8/202608201639354808.jpg	14192450	ba28f3f6193cd3395119a2cad2e9c49c9cec9f92ea8bc3b14a2b86e34f47c18a	ba28f3f6193cd3395119a2cad2e9c49c9cec9f92ea8bc3b14a2b86e34f47c18a	
UploadFiles/xwzx/2026/8/202608201639463526.jpg	UploadFiles/xwzx/2026/8/202608201639463526.jpg	1255343	820177c766f62c464b5f5cfd63374ba30a4ae4d8d7a8a732168ec50c66701ee7	820177c766f62c464b5f5cfd63374ba30a4ae4d8d7a8a732168ec50c66701ee7	
UploadFiles/xwzx/2026/8/202608201640170415.jpg	UploadFiles/xwzx/2026/8/202608201640170415.jpg	1435274	30230c144b1f19c5a53c1453572c4f811ad30c98f5ca606182734ca1a732dda9	30230c144b1f19c5a53c1453572c4f811ad30c98f5ca606182734ca1a732dda9	
UploadFiles/xwzx/2026/8/202608201640175419.jpg	UploadFiles/xwzx/2026/8/202608201640175419.jpg	1316866	185df693e98410e6af319f879a14b68ab94fc4779eeae2188e410925ac1ebf63	185df693e98410e6af319f879a14b68ab94fc4779eeae2188e410925ac1ebf63	
UploadFiles/xwzx/2026/8/202608201640184912.jpg	UploadFiles/xwzx/2026/8/202608201640184912.jpg	1643961	e9aa827352ee8afd3d72d3577767553e4e622883c5ada0158044475d52050810	e9aa827352ee8afd3d72d3577767553e4e622883c5ada0158044475d52050810	
UploadFiles/xwzx/2026/8/202608201640188871.jpg	UploadFiles/xwzx/2026/8/202608201640188871.jpg	1412505	bfa7d4822ee944a2c56374cbdc13b9520baa0658bbe84c742aeab5ff0bb7a88d	bfa7d4822ee944a2c56374cbdc13b9520baa0658bbe84c742aeab5ff0bb7a88d	
UploadFiles/xwzx/2026/8/202608201640189806.jpg	UploadFiles/xwzx/2026/8/202608201640189806.jpg	1545993	bfc1e248ed7c161e0c98e100ebc76bfcaae69503e2c4a94751b34ea87b1ce03a	bfc1e248ed7c161e0c98e100ebc76bfcaae69503e2c4a94751b34ea87b1ce03a	
UploadFiles/xwzx/2026/8/202608201640192176.jpg	UploadFiles/xwzx/2026/8/202608201640192176.jpg	1468229	e90814cce59af694a18463dd6a9b13510138066031d7d233447e00c5fd54d2fb	e90814cce59af694a18463dd6a9b13510138066031d7d233447e00c5fd54d2fb	
UploadFiles/xwzx/2026/8/202608201640194579.jpg	UploadFiles/xwzx/2026/8/202608201640194579.jpg	1317761	9f2af08997cebbe9faf4c6fc085333515a52ce6c2bb80baf4d535cd7647008b5	9f2af08997cebbe9faf4c6fc085333515a52ce6c2bb80baf4d535cd7647008b5	
UploadFiles/xwzx/2026/8/202608201640195025.jpg	UploadFiles/xwzx/2026/8/202608201640195025.jpg	1481887	8f32d44a99f9eb7a4618bd639ac31f28b1663d8109a1834f604c8c10503c16d1	8f32d44a99f9eb7a4618bd639ac31f28b1663d8109a1834f604c8c10503c16d1	
UploadFiles/xwzx/2026/8/202608201640198247.jpg	UploadFiles/xwzx/2026/8/202608201640198247.jpg	1216553	95d93f1481749ce23550885cb4b0f7e8b3de2ca37bc61ade6b4101a5c8e64204	95d93f1481749ce23550885cb4b0f7e8b3de2ca37bc61ade6b4101a5c8e64204	
UploadFiles/xwzx/2026/8/202608201640207131.jpg	UploadFiles/xwzx/2026/8/202608201640207131.jpg	1682186	a0eb8535f1fb031cd74bd819aae33cf9df215524dcccae2dbdb0a9d59a032a60	a0eb8535f1fb031cd74bd819aae33cf9df215524dcccae2dbdb0a9d59a032a60	
UploadFiles/xwzx/2026/8/202608201640208571.jpg	UploadFiles/xwzx/2026/8/202608201640208571.jpg	1536753	296457e0bd1e96685d9082ec061790541b606187c76a73e99b4377c44c7fce3b	296457e0bd1e96685d9082ec061790541b606187c76a73e99b4377c44c7fce3b	
UploadFiles/xwzx/2026/8/202608201654387357.jpg	UploadFiles/xwzx/2026/8/202608201654387357.jpg	74157	39fe04eb3286e0c106139441854cde092a3b085a26da9314826c269ec40824fc	39fe04eb3286e0c106139441854cde092a3b085a26da9314826c269ec40824fc	
UploadFiles/xwzx/2026/8/202608201654388325.jpg	UploadFiles/xwzx/2026/8/202608201654388325.jpg	62017	3eb65185260673c6b500b66864e6acfcaf6329981304ecbc9429d2c11606c06f	3eb65185260673c6b500b66864e6acfcaf6329981304ecbc9429d2c11606c06f	
UploadFiles/xwzx/2026/8/202608201654388325_600_340.jpg	UploadFiles/xwzx/2026/8/202608201654388325_600_340.jpg	22287	529ecf37ef0dd1048115ad9df81510f5b5154686b3fef22370c2e0db9f273e5b	529ecf37ef0dd1048115ad9df81510f5b5154686b3fef22370c2e0db9f273e5b	
UploadFiles/xwzx/2026/8/202608201654388939.jpg	UploadFiles/xwzx/2026/8/202608201654388939.jpg	93096	b7770450552d8ff01bde201408ca5d1d6738c645c72b3125f43f8cbf2453a33e	b7770450552d8ff01bde201408ca5d1d6738c645c72b3125f43f8cbf2453a33e	
UploadFiles/xwzx/2026/8/202608201654392692.png	UploadFiles/xwzx/2026/8/202608201654392692.png	303910	d6a8b89e1ab4b151c8913f1d7e045e23cf5b4f65cba41e65d796c3874d48fabe	d6a8b89e1ab4b151c8913f1d7e045e23cf5b4f65cba41e65d796c3874d48fabe	
UploadFiles/xwzx/2026/8/202608201654399752.png	UploadFiles/xwzx/2026/8/202608201654399752.png	1108699	a2667820bdfe94bacb1fc0c38a022aa72bec258016dd0b2360357e5932dd3f25	a2667820bdfe94bacb1fc0c38a022aa72bec258016dd0b2360357e5932dd3f25	
UploadFiles/xwzx/2026/8/202608230945589432.jpg	UploadFiles/xwzx/2026/8/202608230945589432.jpg	3324743	ac86872281c1e4415e801c413c3bd3810614e95031b65b84c9ab26ed769bf349	ac86872281c1e4415e801c413c3bd3810614e95031b65b84c9ab26ed769bf349	
UploadFiles/xwzx/2026/8/202608230946168103.jpg	UploadFiles/xwzx/2026/8/202608230946168103.jpg	6532538	ef6b47ec1e320f815261f5f8433c7a9f4ee1a47d45accddb1d0c69fde05b72bf	ef6b47ec1e320f815261f5f8433c7a9f4ee1a47d45accddb1d0c69fde05b72bf	
UploadFiles/xwzx/2026/8/202608230946299174.jpg	UploadFiles/xwzx/2026/8/202608230946299174.jpg	6050614	ccd00a7f73060abbad3291187428e244f0e1b6154dc7fcf654f5ad8b3d1bafb3	ccd00a7f73060abbad3291187428e244f0e1b6154dc7fcf654f5ad8b3d1bafb3	
UploadFiles/xwzx/2026/8/202608230946413943.jpg	UploadFiles/xwzx/2026/8/202608230946413943.jpg	4299475	263558cfad6596f5d9701ff213e5bfde8a729710094a02cb4bda3b5cc94c5ac6	263558cfad6596f5d9701ff213e5bfde8a729710094a02cb4bda3b5cc94c5ac6	
UploadFiles/xwzx/2026/8/202608230946582665.jpg	UploadFiles/xwzx/2026/8/202608230946582665.jpg	3796212	62223959af9c35f75b223bf84bce6e113090728130fd7a6fa39547bab815a86b	62223959af9c35f75b223bf84bce6e113090728130fd7a6fa39547bab815a86b	
UploadFiles/xwzx/2026/8/202608230947081122.jpg	UploadFiles/xwzx/2026/8/202608230947081122.jpg	4464217	8d4a1f47122a9c582772b5dfb8bab5e39d1dbe28e4c61955cdf6eed9fe0f0a5c	8d4a1f47122a9c582772b5dfb8bab5e39d1dbe28e4c61955cdf6eed9fe0f0a5c	
UploadFiles/xwzx/2026/8/202608230947196026.jpg	UploadFiles/xwzx/2026/8/202608230947196026.jpg	6952383	ad59954a830d4b1a416664e681b33c9a1e7786578473123180a9f1ab56c47a2d	ad59954a830d4b1a416664e681b33c9a1e7786578473123180a9f1ab56c47a2d	
UploadFiles/xwzx/2026/8/202608230947327279.jpg	UploadFiles/xwzx/2026/8/202608230947327279.jpg	5925166	c71e536675d7c28655c67a1c133f8cba1e2bb9e8510cdbf8e18daeecea94569d	c71e536675d7c28655c67a1c133f8cba1e2bb9e8510cdbf8e18daeecea94569d	
UploadFiles/xwzx/2026/8/202608230947438635.jpg	UploadFiles/xwzx/2026/8/202608230947438635.jpg	5187792	1160c617e1844bb14fe168b68a52de020c2f8774981aa5584fa44cf2bc398185	1160c617e1844bb14fe168b68a52de020c2f8774981aa5584fa44cf2bc398185	
UploadFiles/xwzx/2026/8/202608230947540701.jpg	UploadFiles/xwzx/2026/8/202608230947540701.jpg	6713225	ded5908ea88fbf89c341cb17e120b67dadb8a331f6405c19c2dc86ed4ead0ede	ded5908ea88fbf89c341cb17e120b67dadb8a331f6405c19c2dc86ed4ead0ede	
UploadFiles/xwzx/2026/8/202608230948063173.jpg	UploadFiles/xwzx/2026/8/202608230948063173.jpg	6459012	c1851bb4fc17b897826fe8adc056796cd5d6019fc7ede98bd6d8a2ef3b5daf24	c1851bb4fc17b897826fe8adc056796cd5d6019fc7ede98bd6d8a2ef3b5daf24	
UploadFiles/xwzx/2026/8/202608231212082948.png	UploadFiles/xwzx/2026/8/202608231212082948.png	23678	b648769bb2e27b682f785e3a0db60e6d9f8d81050593062b49bccb8418f2cf50	b648769bb2e27b682f785e3a0db60e6d9f8d81050593062b49bccb8418f2cf50	
UploadFiles/xwzx/2026/8/202608240836364114.Png	UploadFiles/xwzx/2026/8/202608240836364114.png	625039	51b6a30f6864dc3b84ec872399d4eb8d47160c46801c3e0a2ef40802b10b29f2	51b6a30f6864dc3b84ec872399d4eb8d47160c46801c3e0a2ef40802b10b29f2	
UploadFiles/xwzx/2026/8/202608240836364989.Jpeg	UploadFiles/xwzx/2026/8/202608240836364989.jpeg	99058	ee0f8e8042f4a6588c5e885387beea589fceda2cf7d6277ce5447bec768ee68f	ee0f8e8042f4a6588c5e885387beea589fceda2cf7d6277ce5447bec768ee68f	
UploadFiles/xwzx/2026/8/202608240836368925.Jpeg	UploadFiles/xwzx/2026/8/202608240836368925.jpeg	146656	9f15b14a2963896bebf059a473029cb1988898805d6701fe2ca6b2599043ac3a	9f15b14a2963896bebf059a473029cb1988898805d6701fe2ca6b2599043ac3a	
UploadFiles/xwzx/2026/8/202608240836369341.Jpeg	UploadFiles/xwzx/2026/8/202608240836369341.jpeg	83967	3d4aee9ba4bc7742ee6f78bb52336120bc65c02b10e1763c54947e9e0e72ef73	3d4aee9ba4bc7742ee6f78bb52336120bc65c02b10e1763c54947e9e0e72ef73	
UploadFiles/xwzx/2026/8/202608240836370952.Jpeg	UploadFiles/xwzx/2026/8/202608240836370952.jpeg	128768	01dc630ffdddddd83bb237f88bf0b17997912a6a37e9d7fec2b525c80c30155d	01dc630ffdddddd83bb237f88bf0b17997912a6a37e9d7fec2b525c80c30155d	
UploadFiles/xwzx/2026/8/202608240836371474.Jpeg	UploadFiles/xwzx/2026/8/202608240836371474.jpeg	76226	9dbd0b27016c123da6d4f7c24af2571b3da550e7a060bf52c54e5044804e3494	9dbd0b27016c123da6d4f7c24af2571b3da550e7a060bf52c54e5044804e3494	
UploadFiles/xwzx/2026/8/202608240836372574.Jpeg	UploadFiles/xwzx/2026/8/202608240836372574.jpeg	85258	8d73b3559183c58cbd17625148632938012c0e95b22359625c72c4fd219267f0	8d73b3559183c58cbd17625148632938012c0e95b22359625c72c4fd219267f0	
UploadFiles/xwzx/2026/8/202608240836374773.Jpeg	UploadFiles/xwzx/2026/8/202608240836374773.jpeg	60019	c05dc9824461eef3b5347520c3e2aff47f2e4815fd16b4a730973b02da006206	c05dc9824461eef3b5347520c3e2aff47f2e4815fd16b4a730973b02da006206	
UploadFiles/xwzx/2026/8/202608240836376367.Jpeg	UploadFiles/xwzx/2026/8/202608240836376367.jpeg	148867	4a3f6e8c6d6f6ff6e221f2515566a80f587d8e00e61e788e4731418ba5238d3d	4a3f6e8c6d6f6ff6e221f2515566a80f587d8e00e61e788e4731418ba5238d3d	
UploadFiles/xwzx/2026/8/202608240836377716.Png	UploadFiles/xwzx/2026/8/202608240836377716.png	2025194	0fe02c2e86207656f534a5e272f15bc0bd604623960c0bfa2748b8ab7440ba11	0fe02c2e86207656f534a5e272f15bc0bd604623960c0bfa2748b8ab7440ba11	
UploadFiles/xwzx/2026/8/202608241033181520.png	UploadFiles/xwzx/2026/8/202608241033181520.png	40835	efd02372ae5985d4117ee17282284f9b1bc5e1e320f2ce579a651f1acf96a3a5	efd02372ae5985d4117ee17282284f9b1bc5e1e320f2ce579a651f1acf96a3a5	
UploadFiles/xwzx/2026/8/202608241033195284.png	UploadFiles/xwzx/2026/8/202608241033195284.png	19720	967a05a0b2e6de6349905185f36659723ef729dab2c9814f46e903350e1b5c98	967a05a0b2e6de6349905185f36659723ef729dab2c9814f46e903350e1b5c98	
UploadFiles/xwzx/2026/8/202608250952300136.png	UploadFiles/xwzx/2026/8/202608250952300136.png	299948	e4644af72c432f03240776186e24455e4aa6bed5a88c84c4b3486c6a19c11cc6	e4644af72c432f03240776186e24455e4aa6bed5a88c84c4b3486c6a19c11cc6	
UploadFiles/xwzx/2026/8/202608250952304132.png	UploadFiles/xwzx/2026/8/202608250952304132.png	208831	d3396980e0611253fa6153712f826703b6a20bf75059a8608ed2755a16e00200	d3396980e0611253fa6153712f826703b6a20bf75059a8608ed2755a16e00200	
UploadFiles/xwzx/2026/8/202608251629005576.JPG	UploadFiles/xwzx/2026/8/202608251629005576.jpg	3005929	d8e83f7588ad821cbf24d68d78124a874a9c966373eb976a49cb8e94b0f238ec	d8e83f7588ad821cbf24d68d78124a874a9c966373eb976a49cb8e94b0f238ec	
UploadFiles/xwzx/2026/8/202608251629005576_600_340.JPG	UploadFiles/xwzx/2026/8/202608251629005576_600_340.jpg	49002	7cee42eb3b4ec265e8d85a72350e508338e867f56e7ad14d1a3d9473235385af	7cee42eb3b4ec265e8d85a72350e508338e867f56e7ad14d1a3d9473235385af	
UploadFiles/xwzx/2026/8/202608292003306235.jpg	UploadFiles/xwzx/2026/8/202608292003306235.jpg	36552	4478d891b5033f480c703330840717e8c8d44163fda8ea9947a17320ab879e28	4478d891b5033f480c703330840717e8c8d44163fda8ea9947a17320ab879e28	
UploadFiles/xwzx/2026/8/202608292003309996.jpg	UploadFiles/xwzx/2026/8/202608292003309996.jpg	62268	3588861dc310e4c64e88f56d0e94fba819c9f5455e3d52250a5ea3da90ac9ed5	3588861dc310e4c64e88f56d0e94fba819c9f5455e3d52250a5ea3da90ac9ed5	
UploadFiles/xwzx/2026/8/202608311008155353.Png	UploadFiles/xwzx/2026/8/202608311008155353.png	2617266	98288c2cf911f34dcd07d9aa12fca690c0c37d77571b028b5895d24f83e1f5dd	98288c2cf911f34dcd07d9aa12fca690c0c37d77571b028b5895d24f83e1f5dd	
UploadFiles/xwzx/2026/8/202608311008157684.Png	UploadFiles/xwzx/2026/8/202608311008157684.png	2049004	a74a64c263188d54ca094fb125aa1435a39a1355b0c4df4a2476c0a7fab01617	a74a64c263188d54ca094fb125aa1435a39a1355b0c4df4a2476c0a7fab01617	
UploadFiles/xwzx/2026/8/202608311008162989.Png	UploadFiles/xwzx/2026/8/202608311008162989.png	2169245	7ebc942e58fa62feae506bd422d38da7b28edce94bd90ae23424e003f6854ff5	7ebc942e58fa62feae506bd422d38da7b28edce94bd90ae23424e003f6854ff5	
UploadFiles/xwzx/2026/8/202608311008168547.Png	UploadFiles/xwzx/2026/8/202608311008168547.png	1150109	22ae92701028ecccfbbaaff08c519670347b8955da28617b823ae4d60f85150e	22ae92701028ecccfbbaaff08c519670347b8955da28617b823ae4d60f85150e	
UploadFiles/xwzx/2026/8/202608311011300739.Png	UploadFiles/xwzx/2026/8/202608311011300739.png	2049004	a74a64c263188d54ca094fb125aa1435a39a1355b0c4df4a2476c0a7fab01617	a74a64c263188d54ca094fb125aa1435a39a1355b0c4df4a2476c0a7fab01617	
UploadFiles/xwzx/2026/8/202608311011304661.Png	UploadFiles/xwzx/2026/8/202608311011304661.png	2617266	98288c2cf911f34dcd07d9aa12fca690c0c37d77571b028b5895d24f83e1f5dd	98288c2cf911f34dcd07d9aa12fca690c0c37d77571b028b5895d24f83e1f5dd	
UploadFiles/xwzx/2026/8/202608311011313250.Png	UploadFiles/xwzx/2026/8/202608311011313250.png	2169245	7ebc942e58fa62feae506bd422d38da7b28edce94bd90ae23424e003f6854ff5	7ebc942e58fa62feae506bd422d38da7b28edce94bd90ae23424e003f6854ff5	
UploadFiles/xwzx/2026/8/202608311011318368.Png	UploadFiles/xwzx/2026/8/202608311011318368.png	1150109	22ae92701028ecccfbbaaff08c519670347b8955da28617b823ae4d60f85150e	22ae92701028ecccfbbaaff08c519670347b8955da28617b823ae4d60f85150e	
UploadFiles/xwzx/2026/8/202608311615260427.jpg	UploadFiles/xwzx/2026/8/202608311615260427.jpg	2568472	2e14992ed86699afd204e3551c5ef0a0a3a8da5a1bfd680330632c1d5465e067	2e14992ed86699afd204e3551c5ef0a0a3a8da5a1bfd680330632c1d5465e067	
UploadFiles/xwzx/2026/8/202608311615291623.jpg	UploadFiles/xwzx/2026/8/202608311615291623.jpg	3314006	b1cb3d88b7589dda4f98fb75c28bfc682a00c454e690d1fb00d6b7b6b08b246a	b1cb3d88b7589dda4f98fb75c28bfc682a00c454e690d1fb00d6b7b6b08b246a	
UploadFiles/xwzx/2026/8/202608311615294523.jpg	UploadFiles/xwzx/2026/8/202608311615294523.jpg	2149026	baad039c4c936a771457ae19ca199135b2430d4fa005158e33beb61d075a29bc	baad039c4c936a771457ae19ca199135b2430d4fa005158e33beb61d075a29bc	
UploadFiles/xwzx/2026/8/202608311615300239.jpg	UploadFiles/xwzx/2026/8/202608311615300239.jpg	2950674	8be12c95adfaf39da17f6bb454bd60385b462b544073722d8efa37ea5c0134e9	8be12c95adfaf39da17f6bb454bd60385b462b544073722d8efa37ea5c0134e9	
UploadFiles/xwzx/2026/8/202608311615320447.jpg	UploadFiles/xwzx/2026/8/202608311615320447.jpg	4432862	7b775a259264b55f67f938403260b32811eec7a13fee47da9b29716cd4a34177	7b775a259264b55f67f938403260b32811eec7a13fee47da9b29716cd4a34177	
UploadFiles/xwzx/2026/8/202608311615372437.jpg	UploadFiles/xwzx/2026/8/202608311615372437.jpg	3417159	9179abef8ae059a4f940d184da10428592d646c1fb998d06b011680abb454d98	9179abef8ae059a4f940d184da10428592d646c1fb998d06b011680abb454d98	
UploadFiles/xwzx/2026/8/202608311615385937.jpg	UploadFiles/xwzx/2026/8/202608311615385937.jpg	7027259	dfb45cdd3ce5c48a500a76d5f5a4caf89a4c6a5ac5ad12db6f5fef32ffb021ae	dfb45cdd3ce5c48a500a76d5f5a4caf89a4c6a5ac5ad12db6f5fef32ffb021ae	
UploadFiles/xwzx/2026/8/202608311615397301.jpg	UploadFiles/xwzx/2026/8/202608311615397301.jpg	5709073	44351d6576e3426f5a231a83d8f362d6c967769a3cf82ae84c511c74fa0a4dc0	44351d6576e3426f5a231a83d8f362d6c967769a3cf82ae84c511c74fa0a4dc0	
UploadFiles/xwzx/2026/8/202608311615410326.jpg	UploadFiles/xwzx/2026/8/202608311615410326.jpg	4370120	84735e824dd48dc9012bf365ce3bff32d3d34415a2f515b64b2b8997ca4ddfc1	84735e824dd48dc9012bf365ce3bff32d3d34415a2f515b64b2b8997ca4ddfc1	
UploadFiles/xwzx/2026/8/202608311615428595.jpg	UploadFiles/xwzx/2026/8/202608311615428595.jpg	3289503	e626f7fdaa2fe0e557c6a38b76a788d744927dd81fad8132155a7c5eabd16728	e626f7fdaa2fe0e557c6a38b76a788d744927dd81fad8132155a7c5eabd16728	
UploadFiles/xwzx/2026/8/202608311615436467.jpg	UploadFiles/xwzx/2026/8/202608311615436467.jpg	3825978	07fa366c51f62c4595cce9626b07ac1fecde46be22f77bf98cc196dcac493d04	07fa366c51f62c4595cce9626b07ac1fecde46be22f77bf98cc196dcac493d04	
UploadFiles/xwzx/2026/8/202608311615438234.jpg	UploadFiles/xwzx/2026/8/202608311615438234.jpg	61683	2d62590ab2fe0cb88623ef6ed18b5aa63b8bebe0b06143a00305d9552eac61eb	2d62590ab2fe0cb88623ef6ed18b5aa63b8bebe0b06143a00305d9552eac61eb	
UploadFiles/xwzx/2026/8/202608311615450135.jpg	UploadFiles/xwzx/2026/8/202608311615450135.jpg	3021929	1eb2701943bcbc591776a4724e3af4f5e63284ffdb2fc1f69fbb7790fc1d8379	1eb2701943bcbc591776a4724e3af4f5e63284ffdb2fc1f69fbb7790fc1d8379	
UploadFiles/xwzx/2026/8/202608311615450135_600_340.jpg	UploadFiles/xwzx/2026/8/202608311615450135_600_340.jpg	49707	5c3616af1fd80bb2cae51a610418a3f9f2bdd62a5e72bdbdd7db199f59bfd2e0	5c3616af1fd80bb2cae51a610418a3f9f2bdd62a5e72bdbdd7db199f59bfd2e0	
UploadFiles/xwzx/2026/8/202608311615450314.jpg	UploadFiles/xwzx/2026/8/202608311615450314.jpg	5787966	8ffd09635ced3a34df0c5fd68ec47f2d20e158ec41fa2ea28b0ed69cdf7d829e	8ffd09635ced3a34df0c5fd68ec47f2d20e158ec41fa2ea28b0ed69cdf7d829e	
UploadFiles/xwzx/2026/9/202609010957251675.png	UploadFiles/xwzx/2026/9/202609010957251675.png	71181	8c0b41e03a3b23df0af1ebe7e0e496ad3d832391db2558148e8b282d24bda930	8c0b41e03a3b23df0af1ebe7e0e496ad3d832391db2558148e8b282d24bda930	
UploadFiles/xwzx/2026/9/202609011022113231.png	UploadFiles/xwzx/2026/9/202609011022113231.png	6295	7aa439749d6d66577f6ea9a934cb22d3205fa7ddef14cf3429343882a24d1daf	7aa439749d6d66577f6ea9a934cb22d3205fa7ddef14cf3429343882a24d1daf	
UploadFiles/xwzx/2026/9/202609011151243819.png	UploadFiles/xwzx/2026/9/202609011151243819.png	303318	16220deb76447d731142df26dc931a5ebff10c7c9cc017e6eb385f98e98dd4b8	16220deb76447d731142df26dc931a5ebff10c7c9cc017e6eb385f98e98dd4b8	
UploadFiles/xwzx/2026/9/202609020845032749.png	UploadFiles/xwzx/2026/9/202609020845032749.png	702093	a12b3021d4e83f3ed3e384ea0f724a61f6a06ac61cb173e57f81df676e6ec418	a12b3021d4e83f3ed3e384ea0f724a61f6a06ac61cb173e57f81df676e6ec418	
UploadFiles/xwzx/2026/9/202609020845542415.png	UploadFiles/xwzx/2026/9/202609020845542415.png	16721	0b8648f3cb355aa6f53499a968ea35f57b3d18038ae164637e014b1e82a72707	0b8648f3cb355aa6f53499a968ea35f57b3d18038ae164637e014b1e82a72707	
UploadFiles/xwzx/2026/9/202609020846009042.png	UploadFiles/xwzx/2026/9/202609020846009042.png	608045	7724fd40f803e0f03d0d0137515501eca432ea5cfffcf10adfc8dfbbda9882ca	7724fd40f803e0f03d0d0137515501eca432ea5cfffcf10adfc8dfbbda9882ca	
UploadFiles/xwzx/2026/9/202609021417498076.png	UploadFiles/xwzx/2026/9/202609021417498076.png	137778	5ae33d353d4effba8b2401297c10edf6da4d31f58ad50fe22a161de793926f2b	5ae33d353d4effba8b2401297c10edf6da4d31f58ad50fe22a161de793926f2b	
UploadFiles/xwzx/2026/9/202609021523062383.png	UploadFiles/xwzx/2026/9/202609021523062383.png	121579	cc9efc2c7e69bbb0285bd34bdc37a67922ebd6b7dc53e1ad0a3c2269cd48c727	cc9efc2c7e69bbb0285bd34bdc37a67922ebd6b7dc53e1ad0a3c2269cd48c727	
UploadFiles/xwzx/2026/9/202609021900103431.png	UploadFiles/xwzx/2026/9/202609021900103431.png	87889	247622bd8211e92d6f80335137c663ec9169c0067f241df1b9edf3815e6a4770	247622bd8211e92d6f80335137c663ec9169c0067f241df1b9edf3815e6a4770	
UploadFiles/xwzx/2026/9/202609030928017574.jpg	UploadFiles/xwzx/2026/9/202609030928017574.jpg	6050115	d1317935c3ce3aa93f09d8ae76a8109e53c83aa03a4e1e9fccc9ab75b158c171	d1317935c3ce3aa93f09d8ae76a8109e53c83aa03a4e1e9fccc9ab75b158c171	
UploadFiles/xwzx/2026/9/202609030928020659.JPG	UploadFiles/xwzx/2026/9/202609030928020659.jpg	17125136	03d7a570389f8e8d79465a873368bd3bf03d228bf64c34b419237f75c149aa0e	03d7a570389f8e8d79465a873368bd3bf03d228bf64c34b419237f75c149aa0e	
UploadFiles/xwzx/2026/9/202609030928030065.jpg	UploadFiles/xwzx/2026/9/202609030928030065.jpg	6575246	fe36036c4b1581f8b8be9638fa45e9c8971e60be96c7eaff26dfd347394cd435	fe36036c4b1581f8b8be9638fa45e9c8971e60be96c7eaff26dfd347394cd435	
UploadFiles/xwzx/2026/9/202609030928053133.jpg	UploadFiles/xwzx/2026/9/202609030928053133.jpg	6670512	e40ccab0e7e1f22a45bfad4166068070ce8b5bc89b3c3d80eaaaa67cca996de3	e40ccab0e7e1f22a45bfad4166068070ce8b5bc89b3c3d80eaaaa67cca996de3	
UploadFiles/xwzx/2026/9/202609030928075942.jpg	UploadFiles/xwzx/2026/9/202609030928075942.jpg	6132873	e3b889a24cbb43ab2cabce3b3281f6306a600ee7671cb6eda8169d564b979983	e3b889a24cbb43ab2cabce3b3281f6306a600ee7671cb6eda8169d564b979983	
UploadFiles/xwzx/2026/9/202609030928101632.jpg	UploadFiles/xwzx/2026/9/202609030928101632.jpg	6523466	d00ed38429744498f8f080faa8302b46216abcf8c6e04cbf5e0d0847529d33a8	d00ed38429744498f8f080faa8302b46216abcf8c6e04cbf5e0d0847529d33a8	
UploadFiles/xwzx/2026/9/202609030928104784.jpg	UploadFiles/xwzx/2026/9/202609030928104784.jpg	6907245	5c1f79a2cf4859b7d6c4a7d205087a28f3e9501985cc28da7dd1fa5d3774f338	5c1f79a2cf4859b7d6c4a7d205087a28f3e9501985cc28da7dd1fa5d3774f338	
UploadFiles/xwzx/2026/9/202609030928121883.jpg	UploadFiles/xwzx/2026/9/202609030928121883.jpg	6494246	9b342192499538b87ad54b3c6e556b84b1ca7345f8629cb406abccf3f7354980	9b342192499538b87ad54b3c6e556b84b1ca7345f8629cb406abccf3f7354980	
UploadFiles/xwzx/2026/9/202609030928125839.JPG	UploadFiles/xwzx/2026/9/202609030928125839.jpg	16600771	6806f0b1c6092779a4976da48ddfe3a1c3930bfa15aa1a7c60e6e81eef7812d0	6806f0b1c6092779a4976da48ddfe3a1c3930bfa15aa1a7c60e6e81eef7812d0	
UploadFiles/xwzx/2026/9/202609030928130617.jpg	UploadFiles/xwzx/2026/9/202609030928130617.jpg	6344878	23000865b9eca697fd4ba8264dfddce2fc4bdadc079e353616302310802425c9	23000865b9eca697fd4ba8264dfddce2fc4bdadc079e353616302310802425c9	
UploadFiles/xwzx/2026/9/202609030928153009.jpg	UploadFiles/xwzx/2026/9/202609030928153009.jpg	6494246	9b342192499538b87ad54b3c6e556b84b1ca7345f8629cb406abccf3f7354980	9b342192499538b87ad54b3c6e556b84b1ca7345f8629cb406abccf3f7354980	
UploadFiles/xwzx/2026/9/202609030928173037.jpg	UploadFiles/xwzx/2026/9/202609030928173037.jpg	6027728	2faf11548b31b70774a2af1ab95cbd45245391db766ab5766238017f855b899f	2faf11548b31b70774a2af1ab95cbd45245391db766ab5766238017f855b899f	
UploadFiles/xwzx/2026/9/202609030928187733.jpg	UploadFiles/xwzx/2026/9/202609030928187733.jpg	6634367	ad125390e71f632f4fe31e6932ef925013f557f24d77414a37f5444ff421f26c	ad125390e71f632f4fe31e6932ef925013f557f24d77414a37f5444ff421f26c	
UploadFiles/xwzx/2026/9/202609030928189660.jpg	UploadFiles/xwzx/2026/9/202609030928189660.jpg	6586681	1f08b59b39857d69c03b84fe8c14b2180a102cb07291fb8c5d6b377b848d3cce	1f08b59b39857d69c03b84fe8c14b2180a102cb07291fb8c5d6b377b848d3cce	
UploadFiles/xwzx/2026/9/202609030928202492.jpg	UploadFiles/xwzx/2026/9/202609030928202492.jpg	6494380	94666bcd3748e22a60a9327d758fc5c751261716646b14c12c5ed1a6d801cd95	94666bcd3748e22a60a9327d758fc5c751261716646b14c12c5ed1a6d801cd95	
UploadFiles/xwzx/2026/9/202609030928227031.jpg	UploadFiles/xwzx/2026/9/202609030928227031.jpg	6049789	9ba04a843bf0336208f8443ee14300177be74f0cc10ebf0207b797cb6a0c12e3	9ba04a843bf0336208f8443ee14300177be74f0cc10ebf0207b797cb6a0c12e3	
UploadFiles/xwzx/2026/9/202609030928246735.jpg	UploadFiles/xwzx/2026/9/202609030928246735.jpg	6680195	84f216aa9a57b98e789f54b0e7bdd97e6f8de302329deccab0159aa53d9a55b6	84f216aa9a57b98e789f54b0e7bdd97e6f8de302329deccab0159aa53d9a55b6	
UploadFiles/xwzx/2026/9/202609030928252938.jpg	UploadFiles/xwzx/2026/9/202609030928252938.jpg	6437409	18086d2df403145bbc53853039f4151d18d504377fb6c6941dbc4d324e8a1385	18086d2df403145bbc53853039f4151d18d504377fb6c6941dbc4d324e8a1385	
UploadFiles/xwzx/2026/9/202609030928257691.jpg	UploadFiles/xwzx/2026/9/202609030928257691.jpg	6366770	957d1cbdf023586b9e51fac88d37e8b3426bc9d8caa8b8b720d922fade9e6438	957d1cbdf023586b9e51fac88d37e8b3426bc9d8caa8b8b720d922fade9e6438	
UploadFiles/xwzx/2026/9/202609030928276484.jpg	UploadFiles/xwzx/2026/9/202609030928276484.jpg	6406653	2dd323063d6b740250e83fda19d02dd6b08b8d166d0b7eb36f4a13fbaf5af739	2dd323063d6b740250e83fda19d02dd6b08b8d166d0b7eb36f4a13fbaf5af739	
UploadFiles/xwzx/2026/9/202609030928284178.jpg	UploadFiles/xwzx/2026/9/202609030928284178.jpg	6830986	0db95c34d5e373eeaed49b582b413eb0794e90b8cf263d7c814a3e02057f9064	0db95c34d5e373eeaed49b582b413eb0794e90b8cf263d7c814a3e02057f9064	
UploadFiles/xwzx/2026/9/202609030928305005.jpg	UploadFiles/xwzx/2026/9/202609030928305005.jpg	6508490	ac0020603e651daab34ee5ab4387b7d803f9fa7ec532a408e31f00a37cdc369e	ac0020603e651daab34ee5ab4387b7d803f9fa7ec532a408e31f00a37cdc369e	
UploadFiles/xwzx/2026/9/202609030928321815.jpg	UploadFiles/xwzx/2026/9/202609030928321815.jpg	6259113	5ebcd23ad953884f2fdf8a9806ae6ae9c20c85cbbf5b08152297c543efca2d48	5ebcd23ad953884f2fdf8a9806ae6ae9c20c85cbbf5b08152297c543efca2d48	
UploadFiles/xwzx/2026/9/202609030928337892.jpg	UploadFiles/xwzx/2026/9/202609030928337892.jpg	6005346	711f8371eb3ed4f58b36266c1604b7ebc42db1e344cb30b87b4194b65cb32641	711f8371eb3ed4f58b36266c1604b7ebc42db1e344cb30b87b4194b65cb32641	
UploadFiles/xwzx/2026/9/202609030928346826.jpg	UploadFiles/xwzx/2026/9/202609030928346826.jpg	5955025	b761380c408e7637504981ff323930d4defc7df17174a06351cb5876b92ac791	b761380c408e7637504981ff323930d4defc7df17174a06351cb5876b92ac791	
UploadFiles/xwzx/2026/9/202609030928346826_600_340.jpg	UploadFiles/xwzx/2026/9/202609030928346826_600_340.jpg	76281	06b788e185da65ff5ef7d134646cde316e1249b525e50183bc2ae40b730f6399	06b788e185da65ff5ef7d134646cde316e1249b525e50183bc2ae40b730f6399	
UploadFiles/xwzx/2026/9/202609030928436847.png	UploadFiles/xwzx/2026/9/202609030928436847.png	50939756	fe41c013e353e6b5a8691733e97c08cbabfbaaf715b567a000c4d8ec96170afb	fe41c013e353e6b5a8691733e97c08cbabfbaaf715b567a000c4d8ec96170afb	
UploadFiles/xwzx/2026/9/202609030931023552.jpg	UploadFiles/xwzx/2026/9/202609030931023552.jpg	717544	6176eefdd0059f1e57fd28862aea2f90c7697cf53ed11ebee36df59d181be793	6176eefdd0059f1e57fd28862aea2f90c7697cf53ed11ebee36df59d181be793	
UploadFiles/xwzx/2026/9/202609030931023552_600_340.jpg	UploadFiles/xwzx/2026/9/202609030931023552_600_340.jpg	55156	dcc835d71f62c9927f70e47e76af6aea98a8b2c7c3c082c0eae0a006836db1ab	dcc835d71f62c9927f70e47e76af6aea98a8b2c7c3c082c0eae0a006836db1ab	
UploadFiles/xwzx/2026/9/202609030931356548.jpg	UploadFiles/xwzx/2026/9/202609030931356548.jpg	1092337	b0ceb1ffcc4c8ca5578014b9b465e2e3a021ea2a7fd289a2a0ffa973535b05bd	b0ceb1ffcc4c8ca5578014b9b465e2e3a021ea2a7fd289a2a0ffa973535b05bd	
UploadFiles/xwzx/2026/9/202609030931415486.JPG	UploadFiles/xwzx/2026/9/202609030931415486.jpg	16384777	0bac3dc14df63ee4b94121d1d33b61fb8b357ec536e5149a8bbc82a8a2439002	0bac3dc14df63ee4b94121d1d33b61fb8b357ec536e5149a8bbc82a8a2439002	
UploadFiles/xwzx/2026/9/202609030931463566.JPG	UploadFiles/xwzx/2026/9/202609030931463566.jpg	16672028	a58f3ba25a5f7446432015a7111e28d7c4e93084611a6d8398eb960bf0c5e803	a58f3ba25a5f7446432015a7111e28d7c4e93084611a6d8398eb960bf0c5e803	
UploadFiles/xwzx/2026/9/202609030931466834.JPG	UploadFiles/xwzx/2026/9/202609030931466834.jpg	16452351	1e9e6da4b6a5b700fc31b1fa9ba484ccd54fd4e1144eeff91b9d86bafbfd03ba	1e9e6da4b6a5b700fc31b1fa9ba484ccd54fd4e1144eeff91b9d86bafbfd03ba	
UploadFiles/xwzx/2026/9/202609030931507748.png	UploadFiles/xwzx/2026/9/202609030931507748.png	354011	c09a1dab08cd95d58c5e0e75a934cb0ba2d652e3756a30aec4260a3bef8ef347	c09a1dab08cd95d58c5e0e75a934cb0ba2d652e3756a30aec4260a3bef8ef347	
UploadFiles/xwzx/2026/9/202609030931508709.JPG	UploadFiles/xwzx/2026/9/202609030931508709.jpg	16018061	3365686527525a5a6295bb58585d733f843a727849c63ce9fce0d8adb2e5ec97	3365686527525a5a6295bb58585d733f843a727849c63ce9fce0d8adb2e5ec97	
UploadFiles/xwzx/2026/9/202609030931541276.JPG	UploadFiles/xwzx/2026/9/202609030931541276.jpg	16041019	addf296bb7128357160e6ea10a4ba47aa97ba16831ec7561eae5316ef0994e66	addf296bb7128357160e6ea10a4ba47aa97ba16831ec7561eae5316ef0994e66	
UploadFiles/xwzx/2026/9/202609030931586940.JPG	UploadFiles/xwzx/2026/9/202609030931586940.jpg	15974261	77996eaff4a9b57f812a32bed4698304a4237db03569d90a4f6537fc721943f0	77996eaff4a9b57f812a32bed4698304a4237db03569d90a4f6537fc721943f0	
UploadFiles/xwzx/2026/9/202609030931590381.png	UploadFiles/xwzx/2026/9/202609030931590381.png	242847	7406a2e1c369de1116aa191e4ccb7aab61eb2b1add1efbcbf0e240f2dee4aabd	7406a2e1c369de1116aa191e4ccb7aab61eb2b1add1efbcbf0e240f2dee4aabd	
UploadFiles/xwzx/2026/9/202609030931594392.png	UploadFiles/xwzx/2026/9/202609030931594392.png	466709	8ca26c5fae9e5b78696f9b4c32e3773192ce0bba011c179062ecfbbe80271248	8ca26c5fae9e5b78696f9b4c32e3773192ce0bba011c179062ecfbbe80271248	
UploadFiles/xwzx/2026/9/202609030931594786.png	UploadFiles/xwzx/2026/9/202609030931594786.png	429876	7a600ec91b92d27b2533477ffeb4c44de5031409fa8e96039c449be8e6a1833c	7a600ec91b92d27b2533477ffeb4c44de5031409fa8e96039c449be8e6a1833c	
UploadFiles/xwzx/2026/9/202609030932002698.jpg	UploadFiles/xwzx/2026/9/202609030932002698.jpg	2568472	2e14992ed86699afd204e3551c5ef0a0a3a8da5a1bfd680330632c1d5465e067	2e14992ed86699afd204e3551c5ef0a0a3a8da5a1bfd680330632c1d5465e067	
UploadFiles/xwzx/2026/9/202609030932014659.jpg	UploadFiles/xwzx/2026/9/202609030932014659.jpg	4370120	84735e824dd48dc9012bf365ce3bff32d3d34415a2f515b64b2b8997ca4ddfc1	84735e824dd48dc9012bf365ce3bff32d3d34415a2f515b64b2b8997ca4ddfc1	
UploadFiles/xwzx/2026/9/202609030932014996.JPG	UploadFiles/xwzx/2026/9/202609030932014996.jpg	15609058	89c8a5444afa7db6cb9683bcdfd3e8ba4bfd070012f61604585a9bf5f5970053	89c8a5444afa7db6cb9683bcdfd3e8ba4bfd070012f61604585a9bf5f5970053	
UploadFiles/xwzx/2026/9/202609030932020563.jpg	UploadFiles/xwzx/2026/9/202609030932020563.jpg	821990	d95652a747757ace84bd95ea8e7e9db5d8221e9e980111814a5e3be15c366bf1	d95652a747757ace84bd95ea8e7e9db5d8221e9e980111814a5e3be15c366bf1	
UploadFiles/xwzx/2026/9/202609030932027104.jpg	UploadFiles/xwzx/2026/9/202609030932027104.jpg	1682075	b4cb0c2d17665d708b39b201b3b916806e016aedaa19b6c4a31ee6ba6b6ecedb	b4cb0c2d17665d708b39b201b3b916806e016aedaa19b6c4a31ee6ba6b6ecedb	
UploadFiles/xwzx/2026/9/202609030932030605.jpg	UploadFiles/xwzx/2026/9/202609030932030605.jpg	2746743	43ef81203ec02625a429e368e6f70e3c07ae895751028dba63000ec432307db5	43ef81203ec02625a429e368e6f70e3c07ae895751028dba63000ec432307db5	
UploadFiles/xwzx/2026/9/202609030932030619.jpg	UploadFiles/xwzx/2026/9/202609030932030619.jpg	1310020	d7ea5d60d817b9420c0da9e66b3a2fda17cd0d34731827b43d204475b402eafc	d7ea5d60d817b9420c0da9e66b3a2fda17cd0d34731827b43d204475b402eafc	
UploadFiles/xwzx/2026/9/202609030932037793.png	UploadFiles/xwzx/2026/9/202609030932037793.png	252081	5b1028ae4bff551f840c200cf253fa8e46e28bfdc90ac220ac10d6e16545aa63	5b1028ae4bff551f840c200cf253fa8e46e28bfdc90ac220ac10d6e16545aa63	
UploadFiles/xwzx/2026/9/202609030932048365.jpg	UploadFiles/xwzx/2026/9/202609030932048365.jpg	2892072	a65753abb0ace084a73c1bf3a7d727bb9d90cf4841a5179fb0cd2977543a0a39	a65753abb0ace084a73c1bf3a7d727bb9d90cf4841a5179fb0cd2977543a0a39	
UploadFiles/xwzx/2026/9/202609030932093916.JPG	UploadFiles/xwzx/2026/9/202609030932093916.jpg	16979975	f1262f1feb94d129289ac11e934e3fcc01db969ec7ea1722c91aa03976b984d6	f1262f1feb94d129289ac11e934e3fcc01db969ec7ea1722c91aa03976b984d6	
UploadFiles/xwzx/2026/9/202609030932109858.JPG	UploadFiles/xwzx/2026/9/202609030932109858.jpg	15506348	afe09579053338e3b52ea4d1ecdb0d95c67b7f198db3a7e44a38e028904614b7	afe09579053338e3b52ea4d1ecdb0d95c67b7f198db3a7e44a38e028904614b7	
UploadFiles/xwzx/2026/9/202609030932132868.JPG	UploadFiles/xwzx/2026/9/202609030932132868.jpg	15779347	b6ec606a5244d3f5ff7ef5920460a369190a522b161c9c1b80ee15ebe0800a7f	b6ec606a5244d3f5ff7ef5920460a369190a522b161c9c1b80ee15ebe0800a7f	
UploadFiles/xwzx/2026/9/202609030932146658.png	UploadFiles/xwzx/2026/9/202609030932146658.png	267739	6d8a80a7fdbdf1e6e17f5f11886ff582fee149278e509e56e41724bdd713cfb9	6d8a80a7fdbdf1e6e17f5f11886ff582fee149278e509e56e41724bdd713cfb9	
UploadFiles/xwzx/2026/9/202609030932152405.png	UploadFiles/xwzx/2026/9/202609030932152405.png	489992	5e2e27ea1c527f5fd5d554aea5ef29351a8df04c83cc7dd0b6ce0e97fdcdd52f	5e2e27ea1c527f5fd5d554aea5ef29351a8df04c83cc7dd0b6ce0e97fdcdd52f	
UploadFiles/xwzx/2026/9/202609030932155077.png	UploadFiles/xwzx/2026/9/202609030932155077.png	495790	ec1fecb81fa1d18ca9ce3d0e85259500fa1894e09194e34ac02619160712fdf2	ec1fecb81fa1d18ca9ce3d0e85259500fa1894e09194e34ac02619160712fdf2	
UploadFiles/xwzx/2026/9/202609030932167106.JPG	UploadFiles/xwzx/2026/9/202609030932167106.jpg	16348979	25190fa376052e08dae800f9b8c9281e47d87e1eff8411f4e799bc0dc15873be	25190fa376052e08dae800f9b8c9281e47d87e1eff8411f4e799bc0dc15873be	
UploadFiles/xwzx/2026/9/202609030932169108.png	UploadFiles/xwzx/2026/9/202609030932169108.png	628326	277a039d14362fb772dae42f82336c9252a09014212acd41dddbb391074d9db1	277a039d14362fb772dae42f82336c9252a09014212acd41dddbb391074d9db1	
UploadFiles/xwzx/2026/9/202609030932169487.png	UploadFiles/xwzx/2026/9/202609030932169487.png	591188	db725856fe5e16d0dca71cfde364a0081bb286eb540a8425128df4785699f8d5	db725856fe5e16d0dca71cfde364a0081bb286eb540a8425128df4785699f8d5	
UploadFiles/xwzx/2026/9/202609030932180342.JPG	UploadFiles/xwzx/2026/9/202609030932180342.jpg	16839388	422937d620bf76d71a1c11f599b07b1ae905d24aaa5bc4bddb748cc75e7a43e4	422937d620bf76d71a1c11f599b07b1ae905d24aaa5bc4bddb748cc75e7a43e4	
UploadFiles/xwzx/2026/9/202609031618072144.jpg	UploadFiles/xwzx/2026/9/202609031618072144.jpg	12712	d1ab0124c7855b6fe061e45267e1f71956ade18d0deda9f945ca651125b15215	d1ab0124c7855b6fe061e45267e1f71956ade18d0deda9f945ca651125b15215	
UploadFiles/xwzx/2026/9/202609031618075785.jpg	UploadFiles/xwzx/2026/9/202609031618075785.jpg	28105	40657c7c7a8ddc5fb48be9f2c73b09f34055f81489f2c3898ca77b4662811b7f	40657c7c7a8ddc5fb48be9f2c73b09f34055f81489f2c3898ca77b4662811b7f	
UploadFiles/xwzx/2026/9/202609040911019241.png	UploadFiles/xwzx/2026/9/202609040911019241.png	27540	14f958d22398eac7cfadee95226afe5dc0fd288c8e65c5762f39037e0195b860	14f958d22398eac7cfadee95226afe5dc0fd288c8e65c5762f39037e0195b860	
UploadFiles/xwzx/2026/9/202609041306433324.png	UploadFiles/xwzx/2026/9/202609041306433324.png	109665	898776e9908c3edec2ab46668e2bbcbb581c48880acb47fa7ccef00bb32145cd	898776e9908c3edec2ab46668e2bbcbb581c48880acb47fa7ccef00bb32145cd	
UploadFiles/xwzx/2026/9/202609070822118085.png	UploadFiles/xwzx/2026/9/202609070822118085.png	533094	6cb6a2a2a27d304a0fc3e38a147aba604a2720162c502b0b4e8abb3e7489a00b	6cb6a2a2a27d304a0fc3e38a147aba604a2720162c502b0b4e8abb3e7489a00b	
UploadFiles/xwzx/2026/9/202609071002082955.png	UploadFiles/xwzx/2026/9/202609071002082955.png	128445	982744d44dc634234b864bb19c6cf73019dbd227d157895b8c06de20e7b7749f	982744d44dc634234b864bb19c6cf73019dbd227d157895b8c06de20e7b7749f	
UploadFiles/xwzx/2026/9/202609071101300632.jpg	UploadFiles/xwzx/2026/9/202609071101300632.jpg	4327435	19f816d3c520f9e65409042e834f71b6298376b981ddd170a0e48ba6feff5d1e	19f816d3c520f9e65409042e834f71b6298376b981ddd170a0e48ba6feff5d1e	
UploadFiles/xwzx/2026/9/202609071101301918.jpg	UploadFiles/xwzx/2026/9/202609071101301918.jpg	3431474	61d844ddf970124a063751a6394336e55280c4646b99d333db45c67de6012e33	61d844ddf970124a063751a6394336e55280c4646b99d333db45c67de6012e33	
UploadFiles/xwzx/2026/9/202609071101303643.jpg	UploadFiles/xwzx/2026/9/202609071101303643.jpg	3874744	38795915c63185b22c830af0336a5e183bb0988ddfd2d9debdae92f96125d725	38795915c63185b22c830af0336a5e183bb0988ddfd2d9debdae92f96125d725	
UploadFiles/xwzx/2026/9/202609071101307601.jpg	UploadFiles/xwzx/2026/9/202609071101307601.jpg	4022647	d57a7d975a6eb249619ea0dc1ada4094819b76ab819f043d2acd7299788071bb	d57a7d975a6eb249619ea0dc1ada4094819b76ab819f043d2acd7299788071bb	
UploadFiles/xwzx/2026/9/202609071101308376.jpg	UploadFiles/xwzx/2026/9/202609071101308376.jpg	3545922	e15c33889b2a05d6dbf64dab732a1d8fdf9c307a0466f691af0a5f82dc91ad65	e15c33889b2a05d6dbf64dab732a1d8fdf9c307a0466f691af0a5f82dc91ad65	
UploadFiles/xwzx/2026/9/202609071101319937.jpg	UploadFiles/xwzx/2026/9/202609071101319937.jpg	3734096	b1d139c92777880354735024d455cf60e5b491a37a7ce917cc520a9b975392df	b1d139c92777880354735024d455cf60e5b491a37a7ce917cc520a9b975392df	
UploadFiles/xwzx/2026/9/202609071631412862.Png	UploadFiles/xwzx/2026/9/202609071631412862.png	125899	e13f7923b3a6ca6ce6059164c192867b9c89c6d50936008844c506541ba4cbd6	e13f7923b3a6ca6ce6059164c192867b9c89c6d50936008844c506541ba4cbd6	
UploadFiles/xwzx/2026/9/202609071631414454.Png	UploadFiles/xwzx/2026/9/202609071631414454.png	214808	a4f0f7b2c8c22d696d9d533c8c968f9fa9512d3cd6119920751f7619170a2b9f	a4f0f7b2c8c22d696d9d533c8c968f9fa9512d3cd6119920751f7619170a2b9f	
UploadFiles/xwzx/2026/9/202609071631414696.Png	UploadFiles/xwzx/2026/9/202609071631414696.png	214431	65724ab03a6e779039f8e6aa851bd2e3dfff60de860ca2be894d8c6ca01d178f	65724ab03a6e779039f8e6aa851bd2e3dfff60de860ca2be894d8c6ca01d178f	
UploadFiles/xwzx/2026/9/202609071631415108.Png	UploadFiles/xwzx/2026/9/202609071631415108.png	105201	8efc0498dfca3eaf62e3d3ec9f702ded1d4ba439f026804d5ef0acd3d30c9068	8efc0498dfca3eaf62e3d3ec9f702ded1d4ba439f026804d5ef0acd3d30c9068	
UploadFiles/xwzx/2026/9/202609071631415567.Png	UploadFiles/xwzx/2026/9/202609071631415567.png	246445	949255e85740f55027a2eabe647caadb1ff15eeecbc1bbe1e847aa12b823e563	949255e85740f55027a2eabe647caadb1ff15eeecbc1bbe1e847aa12b823e563	
UploadFiles/xwzx/2026/9/202609071631415776.Png	UploadFiles/xwzx/2026/9/202609071631415776.png	154111	fffc08b6d909ebb65948beeaabaa4e7f7c14cdfdaa3c34360433c7e8d0598713	fffc08b6d909ebb65948beeaabaa4e7f7c14cdfdaa3c34360433c7e8d0598713	
UploadFiles/xwzx/2026/9/202609071631424364.Png	UploadFiles/xwzx/2026/9/202609071631424364.png	286967	0317e8b1152d40819b5164ea3ff51b025f1bf44cba92806c1eecd56f2e51c6b0	0317e8b1152d40819b5164ea3ff51b025f1bf44cba92806c1eecd56f2e51c6b0	
UploadFiles/xwzx/2026/9/202609081103053802.png	UploadFiles/xwzx/2026/9/202609081103053802.png	645629	d974dff9510177bb4c9cb83902d8ced251181090a04889604962ddb3466621dc	d974dff9510177bb4c9cb83902d8ced251181090a04889604962ddb3466621dc	
UploadFiles/xwzx/2026/9/202609081622003502.png	UploadFiles/xwzx/2026/9/202609081622003502.png	33715	e800b9e3101af058545e32f115ce501920996b22242e78ec1ac4c215b95a0aea	e800b9e3101af058545e32f115ce501920996b22242e78ec1ac4c215b95a0aea	
UploadFiles/xwzx/2026/9/202609091456482665.png	UploadFiles/xwzx/2026/9/202609091456482665.png	33591	dcf0dd7c3bd5904be6ddaf4596e29898ce9f6dec50eb466e76994e999ee257c8	dcf0dd7c3bd5904be6ddaf4596e29898ce9f6dec50eb466e76994e999ee257c8	
UploadFiles/xwzx/2026/9/202609091503335241.png	UploadFiles/xwzx/2026/9/202609091503335241.png	33146	b251ebba6b5236589adf3adef0156bfd9331b395ab46b1aea505d4743c379fbf	b251ebba6b5236589adf3adef0156bfd9331b395ab46b1aea505d4743c379fbf	
UploadFiles/xwzx/2026/9/202609100836239298.png	UploadFiles/xwzx/2026/9/202609100836239298.png	33028	d639dfbd4269b5353eafbb4efc7aa84088152813a9a4a0f8cf3a56a80211de00	d639dfbd4269b5353eafbb4efc7aa84088152813a9a4a0f8cf3a56a80211de00	
UploadFiles/xwzx/2026/9/202609100950431190.Png	UploadFiles/xwzx/2026/9/202609100950431190.png	365844	cf8c0259f966a3793417bd7fee3451da93c75e4c6313a4b69a5b50c2a5a393dd	cf8c0259f966a3793417bd7fee3451da93c75e4c6313a4b69a5b50c2a5a393dd	
UploadFiles/xwzx/2026/9/202609100950432356.Png	UploadFiles/xwzx/2026/9/202609100950432356.png	847256	72518e966531cca5137410b4985d8b53299a865cdf30827ad1e8b9e9a84ad7ea	72518e966531cca5137410b4985d8b53299a865cdf30827ad1e8b9e9a84ad7ea	
UploadFiles/xwzx/2026/9/202609100950432685.Jpeg	UploadFiles/xwzx/2026/9/202609100950432685.jpeg	89648	0ebdd2260436acb2e113135add6bc31220f4f3c2311f4794d330f41455082e1f	0ebdd2260436acb2e113135add6bc31220f4f3c2311f4794d330f41455082e1f	
UploadFiles/xwzx/2026/9/202609100950434296.Png	UploadFiles/xwzx/2026/9/202609100950434296.png	326529	41a2bbf9a8140741eed243e0b207992bed9e971569a94b15c9311ffab9f39503	41a2bbf9a8140741eed243e0b207992bed9e971569a94b15c9311ffab9f39503	
UploadFiles/xwzx/2026/9/202609100950434935.Jpeg	UploadFiles/xwzx/2026/9/202609100950434935.jpeg	22965	96f6a83a2bfc9881d49c70cb30de327fc50010cb5c16fee28fc04ad18a8d7763	96f6a83a2bfc9881d49c70cb30de327fc50010cb5c16fee28fc04ad18a8d7763	
UploadFiles/xwzx/2026/9/202609100950435072.Jpeg	UploadFiles/xwzx/2026/9/202609100950435072.jpeg	25431	c1723f6f13dbeaf19d37723a06effb31cd9f8edd0c9260dba4777f3a596de978	c1723f6f13dbeaf19d37723a06effb31cd9f8edd0c9260dba4777f3a596de978	
UploadFiles/xwzx/2026/9/202609100950435680.Png	UploadFiles/xwzx/2026/9/202609100950435680.png	328984	52084a058511ef6f39700da86fffde1dcc6e7c72000313ae0768cb2012fccbc1	52084a058511ef6f39700da86fffde1dcc6e7c72000313ae0768cb2012fccbc1	
UploadFiles/xwzx/2026/9/202609100950436412.Jpeg	UploadFiles/xwzx/2026/9/202609100950436412.jpeg	42862	9bb40c10dc435f2beabc38f7dca01ade4217efbc0cde7f3e780984c7a69f8404	9bb40c10dc435f2beabc38f7dca01ade4217efbc0cde7f3e780984c7a69f8404	
UploadFiles/xwzx/2026/9/202609100950438412.Png	UploadFiles/xwzx/2026/9/202609100950438412.png	365122	493e4ef75ef2eb0a1347f02d4f4dd2c456f1d7bfd656510adca7096f41bf582c	493e4ef75ef2eb0a1347f02d4f4dd2c456f1d7bfd656510adca7096f41bf582c	
UploadFiles/xwzx/2026/9/202609100950439059.Jpeg	UploadFiles/xwzx/2026/9/202609100950439059.jpeg	48301	c6553e68c35c149a738682146ed45fda5b03c59f9dcdef1c68960de327927c68	c6553e68c35c149a738682146ed45fda5b03c59f9dcdef1c68960de327927c68	
UploadFiles/xwzx/2026/9/202609101514555837.png	UploadFiles/xwzx/2026/9/202609101514555837.png	34498	542698ff9d44c7131c8c5587ac58f729a8a07be66c56d04a332ce608e78f99e0	542698ff9d44c7131c8c5587ac58f729a8a07be66c56d04a332ce608e78f99e0	
UploadFiles/xwzx/2026/9/202609111045082783.png	UploadFiles/xwzx/2026/9/202609111045082783.png	53367	0ca0e79c6d0dc35187de6d0b68fc87e7e297874cc8c472624d3b027168c5a499	0ca0e79c6d0dc35187de6d0b68fc87e7e297874cc8c472624d3b027168c5a499	
UploadFiles/xwzx/2026/9/202609111045085955.png	UploadFiles/xwzx/2026/9/202609111045085955.png	113560	eab4014f57d76a27c8bd35caa11005e24a59589745150f37eaadb3a18e958d9e	eab4014f57d76a27c8bd35caa11005e24a59589745150f37eaadb3a18e958d9e	
UploadFiles/xwzx/2026/9/202609111047173226.Png	UploadFiles/xwzx/2026/9/202609111047173226.png	5610	c34f69bfe0213c67c0d25050bbb607e79597a218524a714d22d8ed42d0390bae	c34f69bfe0213c67c0d25050bbb607e79597a218524a714d22d8ed42d0390bae	
UploadFiles/xwzx/2026/9/202609111047174560.Png	UploadFiles/xwzx/2026/9/202609111047174560.png	5308	f19858d6c5b96587ea7e94143de3ba8a8318075e91f81ca3ce07c0b06aaa8d85	f19858d6c5b96587ea7e94143de3ba8a8318075e91f81ca3ce07c0b06aaa8d85	
UploadFiles/xwzx/2026/9/202609111047174770.Png	UploadFiles/xwzx/2026/9/202609111047174770.png	8711	ce83cd89ebd9b45094abb939a1201d5db6d68cfc336e1ab799e5039b553e8f0f	ce83cd89ebd9b45094abb939a1201d5db6d68cfc336e1ab799e5039b553e8f0f	
UploadFiles/xwzx/2026/9/202609111047175192.Png	UploadFiles/xwzx/2026/9/202609111047175192.png	8511	0e779a130271644258162a1c8b4f19c6f0b36d724d97a1bb98dc9b25da058573	0e779a130271644258162a1c8b4f19c6f0b36d724d97a1bb98dc9b25da058573	
UploadFiles/xwzx/2026/9/202609111047175836.Png	UploadFiles/xwzx/2026/9/202609111047175836.png	27955	d61465cb0d8bbb7ebbb2122a3e999892aa1d9ef3f0c4481cb7ffc52a19fd678e	d61465cb0d8bbb7ebbb2122a3e999892aa1d9ef3f0c4481cb7ffc52a19fd678e	
UploadFiles/xwzx/2026/9/202609111047177800.Png	UploadFiles/xwzx/2026/9/202609111047177800.png	8183	4ef8a358208dc8240f8ea66c0fe33b3594ff21b0d11192a2f25e31eeb7ea9404	4ef8a358208dc8240f8ea66c0fe33b3594ff21b0d11192a2f25e31eeb7ea9404	
UploadFiles/xwzx/2026/9/202609111047178572.Png	UploadFiles/xwzx/2026/9/202609111047178572.png	12500	f7a2f8e32048fa38c82ee93a6d240f82c421ee85ca726d340e15df377ed25501	f7a2f8e32048fa38c82ee93a6d240f82c421ee85ca726d340e15df377ed25501	
UploadFiles/xwzx/2026/9/202609111047179543.Png	UploadFiles/xwzx/2026/9/202609111047179543.png	11581	f4922807c9b43a3b67658cdc66b932eb3bc23e1ee7054ef509ed89e412bc92c9	f4922807c9b43a3b67658cdc66b932eb3bc23e1ee7054ef509ed89e412bc92c9	
UploadFiles/xwzx/2026/9/202609111109218139.png	UploadFiles/xwzx/2026/9/202609111109218139.png	249953	0bed98eb09e13097ec4d84a903f60f7e354fd9b452d850e158a644f960380ae7	0bed98eb09e13097ec4d84a903f60f7e354fd9b452d850e158a644f960380ae7	
UploadFiles/xwzx/2026/9/202609111429196286.png	UploadFiles/xwzx/2026/9/202609111429196286.png	34381	577d246f612a9c5040c4b4532f30c46c92dac90282ec3a966448b09c6033e9d8	577d246f612a9c5040c4b4532f30c46c92dac90282ec3a966448b09c6033e9d8	
UploadFiles/xwzx/2026/9/202609111610246397.png	UploadFiles/xwzx/2026/9/202609111610246397.png	251347	9d7ae6765473a6fe548a16e545dd66f7944725e416a82591c44677cda124b36b	9d7ae6765473a6fe548a16e545dd66f7944725e416a82591c44677cda124b36b	
UploadFiles/xwzx/2026/9/202609111610248601.png	UploadFiles/xwzx/2026/9/202609111610248601.png	254764	169eb61ffe3ce2d09ef6ebb7e9786bb46e2a3adb1cb06e45f23538d53d8fa206	169eb61ffe3ce2d09ef6ebb7e9786bb46e2a3adb1cb06e45f23538d53d8fa206	
UploadFiles/xwzx/2026/9/202609111616087054.png	UploadFiles/xwzx/2026/9/202609111616087054.png	27288	1aa56f873b9081fc3a957637d8dfcdcbd1952538c897f91ff09473b362149956	1aa56f873b9081fc3a957637d8dfcdcbd1952538c897f91ff09473b362149956	
UploadFiles/xwzx/2026/9/202609111616087796.png	UploadFiles/xwzx/2026/9/202609111616087796.png	13171	b21de5cdc551f2e0bddbec7b1c81320810b37087a213b7ea2af024d270a02a4f	b21de5cdc551f2e0bddbec7b1c81320810b37087a213b7ea2af024d270a02a4f	
UploadFiles/xwzx/2026/9/202609111656572942.png	UploadFiles/xwzx/2026/9/202609111656572942.png	41625	07f79a9a90823e7769119e73e25bd35c10a76680a6e4dd369a4a8518640f1b6e	07f79a9a90823e7769119e73e25bd35c10a76680a6e4dd369a4a8518640f1b6e	
UploadFiles/xwzx/2026/9/202609140833144796.png	UploadFiles/xwzx/2026/9/202609140833144796.png	23136	70b8aa479cb90f907de51705292e14e91ff18c0129b3d32111417e0c4fc22157	70b8aa479cb90f907de51705292e14e91ff18c0129b3d32111417e0c4fc22157	
UploadFiles/xwzx/2026/9/202609140833146310.png	UploadFiles/xwzx/2026/9/202609140833146310.png	13999	d76afa42d81744c99201b3a810efba2533eab3b9a721a0b42edfa6c8b5efbfe6	d76afa42d81744c99201b3a810efba2533eab3b9a721a0b42edfa6c8b5efbfe6	
UploadFiles/xwzx/2026/9/202609141023461765.jpg	UploadFiles/xwzx/2026/9/202609141023461765.jpg	6655902	11d8bb7a9a8b0ae2ce9726cbd3bb154f40c32b02d678e3b054910e1d6281f0d5	11d8bb7a9a8b0ae2ce9726cbd3bb154f40c32b02d678e3b054910e1d6281f0d5	
UploadFiles/xwzx/2026/9/202609141023503874.jpg	UploadFiles/xwzx/2026/9/202609141023503874.jpg	10480176	347acb26fddfabc42a65f363e65759e6e74506abc94a7d535b284272eb70a3c9	347acb26fddfabc42a65f363e65759e6e74506abc94a7d535b284272eb70a3c9	
UploadFiles/xwzx/2026/9/202609141023532982.jpg	UploadFiles/xwzx/2026/9/202609141023532982.jpg	7980019	cdd859a73acba9a825faa88f27ee1273795d583bf5c753d3c1439e6974c5a883	cdd859a73acba9a825faa88f27ee1273795d583bf5c753d3c1439e6974c5a883	
UploadFiles/xwzx/2026/9/202609141023547800.jpg	UploadFiles/xwzx/2026/9/202609141023547800.jpg	6721188	2aefdf40a4b12be4154d653f8a434645f33cab3a3c38d6dfbc521f1a18bdeb83	2aefdf40a4b12be4154d653f8a434645f33cab3a3c38d6dfbc521f1a18bdeb83	
UploadFiles/xwzx/2026/9/202609141023556066.jpg	UploadFiles/xwzx/2026/9/202609141023556066.jpg	7008093	b0413c5b3dcd7d2ba56b357835fedac50092d498bb8041e9b7446d75828fb9ef	b0413c5b3dcd7d2ba56b357835fedac50092d498bb8041e9b7446d75828fb9ef	
UploadFiles/xwzx/2026/9/202609141024027676.jpg	UploadFiles/xwzx/2026/9/202609141024027676.jpg	10030473	665f04a6dccae8ec34957c4a9bfe2e812f37438a08d1761fb7d2cf144eb220da	665f04a6dccae8ec34957c4a9bfe2e812f37438a08d1761fb7d2cf144eb220da	
UploadFiles/xwzx/2026/9/202609141024127955.jpg	UploadFiles/xwzx/2026/9/202609141024127955.jpg	9712535	a8d646cba1b8d7d208dfe2a37976b2dcf24383604a8f24bf12e2b00c7e65bda0	a8d646cba1b8d7d208dfe2a37976b2dcf24383604a8f24bf12e2b00c7e65bda0	
UploadFiles/xwzx/2026/9/202609141024203691.jpg	UploadFiles/xwzx/2026/9/202609141024203691.jpg	9969717	71badc08b8c4fa09fa66c650c6a9486d987029622b7b5fb2f9429c6a9c108c26	71badc08b8c4fa09fa66c650c6a9486d987029622b7b5fb2f9429c6a9c108c26	
UploadFiles/xwzx/2026/9/202609141024217778.jpg	UploadFiles/xwzx/2026/9/202609141024217778.jpg	11145049	460012ddab421db31767fa44d1bb65c6895cfe1c1a91d0c6ddb86f016ff1986f	460012ddab421db31767fa44d1bb65c6895cfe1c1a91d0c6ddb86f016ff1986f	
UploadFiles/xwzx/2026/9/202609141024217778_600_340.jpg	UploadFiles/xwzx/2026/9/202609141024217778_600_340.jpg	60183	88ec17d1cb41a314cd344e0c4bbd7110532a76016b696b1e1ee8eb583a893588	88ec17d1cb41a314cd344e0c4bbd7110532a76016b696b1e1ee8eb583a893588	
UploadFiles/xwzx/2026/9/202609141024232469.jpg	UploadFiles/xwzx/2026/9/202609141024232469.jpg	8421612	5f8ada8cd184e25d55552f58111b8b0d2522c86fa991797641f48047e14c09e3	5f8ada8cd184e25d55552f58111b8b0d2522c86fa991797641f48047e14c09e3	
UploadFiles/xwzx/2026/9/202609141024310371.jpg	UploadFiles/xwzx/2026/9/202609141024310371.jpg	8832764	0e7871bf07b25f8e1f43a8a424c76864ddf1534a9d9c449aaad2dbc22bf96174	0e7871bf07b25f8e1f43a8a424c76864ddf1534a9d9c449aaad2dbc22bf96174	
UploadFiles/xwzx/2026/9/202609141024341966.jpg	UploadFiles/xwzx/2026/9/202609141024341966.jpg	11473952	3a3be5d663597cfb063ae63f29ee4e04bec5dc495916cadf4e4ad3ad7ccfc9d3	3a3be5d663597cfb063ae63f29ee4e04bec5dc495916cadf4e4ad3ad7ccfc9d3	
UploadFiles/xwzx/2026/9/202609141024343543.jpg	UploadFiles/xwzx/2026/9/202609141024343543.jpg	9520144	a874dbf6d7dd145daa954fa0ea670edb94c9730e39b3d7fba4fd519703fda639	a874dbf6d7dd145daa954fa0ea670edb94c9730e39b3d7fba4fd519703fda639	
UploadFiles/xwzx/2026/9/202609141024440985.jpg	UploadFiles/xwzx/2026/9/202609141024440985.jpg	5084205	be0ebcaa0a1aa24109211519b16c328041a64cbfed787c1a29c88d5d263aa7bd	be0ebcaa0a1aa24109211519b16c328041a64cbfed787c1a29c88d5d263aa7bd	
UploadFiles/xwzx/2026/9/202609141024449983.jpg	UploadFiles/xwzx/2026/9/202609141024449983.jpg	6394090	ab0ec804700fc6f70987e582c1808ddb21632178c6af2201e2bba28ac5ce1acf	ab0ec804700fc6f70987e582c1808ddb21632178c6af2201e2bba28ac5ce1acf	
UploadFiles/xwzx/2026/9/202609141024472205.jpg	UploadFiles/xwzx/2026/9/202609141024472205.jpg	8696220	5b82eba9cef60e0e61e63f34895a1016df74fd04db2f0e85fc6714585d23d783	5b82eba9cef60e0e61e63f34895a1016df74fd04db2f0e85fc6714585d23d783	
UploadFiles/xwzx/2026/9/202609141024529759.jpg	UploadFiles/xwzx/2026/9/202609141024529759.jpg	5124746	a74f93e6bd6882814c13e29438ba6730af5f0008e76ca574574cab65a6dac458	a74f93e6bd6882814c13e29438ba6730af5f0008e76ca574574cab65a6dac458	
UploadFiles/xwzx/2026/9/202609141025020272.jpg	UploadFiles/xwzx/2026/9/202609141025020272.jpg	7199012	5a5b76eaaedb20b13da6b766641574880d1c48284539bbfb99667a9ae34f0846	5a5b76eaaedb20b13da6b766641574880d1c48284539bbfb99667a9ae34f0846	
UploadFiles/xwzx/2026/9/202609141025034754.jpg	UploadFiles/xwzx/2026/9/202609141025034754.jpg	18779843	4189f9c666fcbb6a308dc670fde36d8891100153ddf7a163329b9fea2c59a747	4189f9c666fcbb6a308dc670fde36d8891100153ddf7a163329b9fea2c59a747	
UploadFiles/xwzx/2026/9/202609141025108632.jpg	UploadFiles/xwzx/2026/9/202609141025108632.jpg	9074751	cf436ee1643cfd94a56d15969284de617e14e003d31e0f163afa7b9cf1da40d6	cf436ee1643cfd94a56d15969284de617e14e003d31e0f163afa7b9cf1da40d6	
UploadFiles/xwzx/2026/9/202609141025124233.JPG	UploadFiles/xwzx/2026/9/202609141025124233.jpg	6584263	d493280f32c3ff57826e5a4c3eb2838c2eadf92fe22cfb9f9ce039b6d988ca4e	d493280f32c3ff57826e5a4c3eb2838c2eadf92fe22cfb9f9ce039b6d988ca4e	
UploadFiles/xwzx/2026/9/202609141028150307.jpg	UploadFiles/xwzx/2026/9/202609141028150307.jpg	5084205	be0ebcaa0a1aa24109211519b16c328041a64cbfed787c1a29c88d5d263aa7bd	be0ebcaa0a1aa24109211519b16c328041a64cbfed787c1a29c88d5d263aa7bd	
UploadFiles/xwzx/2026/9/202609141028150307_600_340.jpg	UploadFiles/xwzx/2026/9/202609141028150307_600_340.jpg	30857	2a9261d0c919f4a8a161a5db0c07296e0850bfe22df0adff4cffdb7630091556	2a9261d0c919f4a8a161a5db0c07296e0850bfe22df0adff4cffdb7630091556	
UploadFiles/xwzx/2026/9/202609141028476268.Jpeg	UploadFiles/xwzx/2026/9/202609141028476268.jpeg	75150	dc4734482fac5336868a7c5f6ffae8f91617b504553d80ae57a43404230b9ea2	dc4734482fac5336868a7c5f6ffae8f91617b504553d80ae57a43404230b9ea2	
UploadFiles/xwzx/2026/9/202609141031492215.jpg	UploadFiles/xwzx/2026/9/202609141031492215.jpg	9074751	cf436ee1643cfd94a56d15969284de617e14e003d31e0f163afa7b9cf1da40d6	cf436ee1643cfd94a56d15969284de617e14e003d31e0f163afa7b9cf1da40d6	
UploadFiles/xwzx/2026/9/202609141031492215_600_340.jpg	UploadFiles/xwzx/2026/9/202609141031492215_600_340.jpg	34436	c6d6200f0b93fb68edc3b82444418289eda96d10549e1222ad952c3c4d44b5c4	c6d6200f0b93fb68edc3b82444418289eda96d10549e1222ad952c3c4d44b5c4	
UploadFiles/xwzx/2026/9/202609141529165667.png	UploadFiles/xwzx/2026/9/202609141529165667.png	34067	0b0e9588c6ab8815a55e15a9265ceeb1b0d5db5cd24311f387e9c9c07f02c0f0	0b0e9588c6ab8815a55e15a9265ceeb1b0d5db5cd24311f387e9c9c07f02c0f0	
UploadFiles/xwzx/2026/9/202609141529400935.png	UploadFiles/xwzx/2026/9/202609141529400935.png	40692	2d14b832cec2545c6f91abc2e802d86af46c42a4004ce138ee7a85773bb5f11b	2d14b832cec2545c6f91abc2e802d86af46c42a4004ce138ee7a85773bb5f11b	
UploadFiles/xwzx/2026/9/202609141530136107.png	UploadFiles/xwzx/2026/9/202609141530136107.png	34930	e3541d8961de590ca6b9d27160f6fcfe15df182a7805f938d46f6a9b02c4910b	e3541d8961de590ca6b9d27160f6fcfe15df182a7805f938d46f6a9b02c4910b	
UploadFiles/xwzx/2026/9/202609141530342647.png	UploadFiles/xwzx/2026/9/202609141530342647.png	34083	5ddc81168b6284d10d465741419f965ecb21c0d9e1463df6284acd3921b388dc	5ddc81168b6284d10d465741419f965ecb21c0d9e1463df6284acd3921b388dc	
UploadFiles/xwzx/2026/9/202609150904097699.png	UploadFiles/xwzx/2026/9/202609150904097699.png	34406	068cddd77b666af226e3c83eac8649a904455d158473dde88c034dad81eb84e2	068cddd77b666af226e3c83eac8649a904455d158473dde88c034dad81eb84e2	
UploadFiles/xwzx/2026/9/202609151441222269.png	UploadFiles/xwzx/2026/9/202609151441222269.png	34676	0b7e59e886f765ae43666739c6acd33533180b55eac4d4907d1182efa6b66c1c	0b7e59e886f765ae43666739c6acd33533180b55eac4d4907d1182efa6b66c1c	
UploadFiles/xwzx/2026/9/202609151617385624.png	UploadFiles/xwzx/2026/9/202609151617385624.png	32646	1f843d81f6d09fe01a49e90ff1ecfca4649ff17bb24bfd43a1592716f28c2c48	1f843d81f6d09fe01a49e90ff1ecfca4649ff17bb24bfd43a1592716f28c2c48	
UploadFiles/xwzx/2026/9/202609160959130131.png	UploadFiles/xwzx/2026/9/202609160959130131.png	48702	75a7434128eb85842b3b04eaa9c4d7f030b44995a44cf3a85385d56702aa7238	75a7434128eb85842b3b04eaa9c4d7f030b44995a44cf3a85385d56702aa7238	
UploadFiles/xwzx/2026/9/202609161555367511.png	UploadFiles/xwzx/2026/9/202609161555367511.png	38756	a1dccbc87e6d21bea9f30200f2046b07934ccf4b5d2225d201c3068257e7b727	a1dccbc87e6d21bea9f30200f2046b07934ccf4b5d2225d201c3068257e7b727	
UploadFiles/xwzx/2026/9/202609161556084908.png	UploadFiles/xwzx/2026/9/202609161556084908.png	34109	275af2d7dea633889787854c1eaf8fd355b53cdf9b03c5aa8cb94a087a5ae1fb	275af2d7dea633889787854c1eaf8fd355b53cdf9b03c5aa8cb94a087a5ae1fb	
UploadFiles/xwzx/2026/9/202609161636571087.png	UploadFiles/xwzx/2026/9/202609161636571087.png	83706	c2fee39c65c0443f4b20ffae2c9f0ee9675a5acda43989e6ee7c945fac308235	c2fee39c65c0443f4b20ffae2c9f0ee9675a5acda43989e6ee7c945fac308235	
UploadFiles/xwzx/2026/9/202609161733258320.png	UploadFiles/xwzx/2026/9/202609161733258320.png	25352	edd3ac6a3cd13f9b3ddc7d239fbaea573039960b2f9971b7080a9c654561d981	edd3ac6a3cd13f9b3ddc7d239fbaea573039960b2f9971b7080a9c654561d981	
UploadFiles/xwzx/2026/9/202609161733444634.png	UploadFiles/xwzx/2026/9/202609161733444634.png	23198	32cc64a3307266630bf6fb582cc0e60a990b54a8e531ec794564d015ba9d372d	32cc64a3307266630bf6fb582cc0e60a990b54a8e531ec794564d015ba9d372d	
UploadFiles/xwzx/2026/9/202609171023077844.png	UploadFiles/xwzx/2026/9/202609171023077844.png	228527	76c0035c73a8c041fe716f012701a32d49672bb69ecf5494c0c09caa3ae28312	76c0035c73a8c041fe716f012701a32d49672bb69ecf5494c0c09caa3ae28312	
UploadFiles/xwzx/2026/9/202609171446301206.Jpeg	UploadFiles/xwzx/2026/9/202609171446301206.jpeg	160686	632e926c96d94e20b4692766820e86b27729bb291eca3e56adfc3aef8e516dfa	632e926c96d94e20b4692766820e86b27729bb291eca3e56adfc3aef8e516dfa	
UploadFiles/xwzx/2026/9/202609171446305278.Jpeg	UploadFiles/xwzx/2026/9/202609171446305278.jpeg	128718	d56734d2338656cf018f7d28f07e9a96f2f36213cbd8d04966d8a42849b27bca	d56734d2338656cf018f7d28f07e9a96f2f36213cbd8d04966d8a42849b27bca	
UploadFiles/xwzx/2026/9/202609171446307055.Jpeg	UploadFiles/xwzx/2026/9/202609171446307055.jpeg	137968	9dd5b86674484709e3b9d66447f09017f8a1cbe8613ceab3777b6580fac1605d	9dd5b86674484709e3b9d66447f09017f8a1cbe8613ceab3777b6580fac1605d	
UploadFiles/xwzx/2026/9/202609171446308206.Jpeg	UploadFiles/xwzx/2026/9/202609171446308206.jpeg	136806	8734477fda5c5471a25f6fe3af404637c6e7b7b9e38f7a5212b85861a458ad83	8734477fda5c5471a25f6fe3af404637c6e7b7b9e38f7a5212b85861a458ad83	
UploadFiles/xwzx/2026/9/202609171446309238.Jpeg	UploadFiles/xwzx/2026/9/202609171446309238.jpeg	140001	ddc398544ad80961ae4c59e7c9ddf174e71e9336201aeafccc8e3a4658d5e6d2	ddc398544ad80961ae4c59e7c9ddf174e71e9336201aeafccc8e3a4658d5e6d2	
UploadFiles/xwzx/2026/9/202609171447159792.png	UploadFiles/xwzx/2026/9/202609171447159792.png	21440	8b5f8c899590c0889fad1fdc9b0fe59213757d3f001b91b813c466c74db8b03a	8b5f8c899590c0889fad1fdc9b0fe59213757d3f001b91b813c466c74db8b03a	
UploadFiles/xwzx/2026/9/202609171540577566.png	UploadFiles/xwzx/2026/9/202609171540577566.png	14970	5f2111a2119ca0288449a667ec9b3962ec91bd8b2ff5306149e78dd5dde100fd	5f2111a2119ca0288449a667ec9b3962ec91bd8b2ff5306149e78dd5dde100fd	
UploadFiles/xwzx/2026/9/202609171610516569.png	UploadFiles/xwzx/2026/9/202609171610516569.png	32992	3cac78513f2867b689ea91e597083fa89bfcd09bd5e4ff9b259e29cb73400af8	3cac78513f2867b689ea91e597083fa89bfcd09bd5e4ff9b259e29cb73400af8	
UploadFiles/xwzx/2026/9/202609171612433095.png	UploadFiles/xwzx/2026/9/202609171612433095.png	38850	97cffd3d7510634b38e7517ef2a6f3282edcc7d5bd8afe88cd68f086d06c54cc	97cffd3d7510634b38e7517ef2a6f3282edcc7d5bd8afe88cd68f086d06c54cc	
UploadFiles/xwzx/2026/9/202609171618024561.jpg	UploadFiles/xwzx/2026/9/202609171618024561.jpg	17699	9dd068a63e9f0db257d836db247fa8de7c521f5f989536f645268dca8f3c3923	9dd068a63e9f0db257d836db247fa8de7c521f5f989536f645268dca8f3c3923	
UploadFiles/xwzx/2026/9/202609171618030868.jpg	UploadFiles/xwzx/2026/9/202609171618030868.jpg	10072	5e2157f751551d939c039a90a27f739461d95bd151a312c25fbdf45806aa1765	5e2157f751551d939c039a90a27f739461d95bd151a312c25fbdf45806aa1765	
UploadFiles/xwzx/2026/9/202609171638556121.png	UploadFiles/xwzx/2026/9/202609171638556121.png	38923	0a8dfca938770f3e9888637452bff151fe66eebe0648c2b2fe6297ea1542fddf	0a8dfca938770f3e9888637452bff151fe66eebe0648c2b2fe6297ea1542fddf	
UploadFiles/xwzx/2026/9/202609181009253536.png	UploadFiles/xwzx/2026/9/202609181009253536.png	32728	282599acdbd2fac3bb1b76bb80a9bd7a362e2438e79b83607cec9250bc06f21f	282599acdbd2fac3bb1b76bb80a9bd7a362e2438e79b83607cec9250bc06f21f	
UploadFiles/xwzx/2026/9/202609181012233884.png	UploadFiles/xwzx/2026/9/202609181012233884.png	36484	d9d92fef582439f2e997b86f40f22970243eca9b7a3a607f6bcfc114e4e6236e	d9d92fef582439f2e997b86f40f22970243eca9b7a3a607f6bcfc114e4e6236e	
UploadFiles/xwzx/2026/9/202609181428460070.png	UploadFiles/xwzx/2026/9/202609181428460070.png	12390	2c194105eaf20f3f4a81501fb4211b3dff2f222b3ba1ca23e99e1bbb936f0a02	2c194105eaf20f3f4a81501fb4211b3dff2f222b3ba1ca23e99e1bbb936f0a02	
UploadFiles/xwzx/2026/9/202609181432127984.png	UploadFiles/xwzx/2026/9/202609181432127984.png	24491	45e64f04acb249336d8eab467e7bbc10777a1a2a06a1324e6448c7479c5ab58c	45e64f04acb249336d8eab467e7bbc10777a1a2a06a1324e6448c7479c5ab58c	
UploadFiles/xwzx/2026/9/202609181532159543.png	UploadFiles/xwzx/2026/9/202609181532159543.png	38798	6d834de2ac69339e2e87bb4b8bba64f979c4492493c24f032fcddcbbc88a15f3	6d834de2ac69339e2e87bb4b8bba64f979c4492493c24f032fcddcbbc88a15f3	
UploadFiles/xwzx/2026/9/202609181532484050.png	UploadFiles/xwzx/2026/9/202609181532484050.png	39211	5f7cc10afa0456c7997cfe76759cfc07fcc896a9e82c6dad917414e6bf3a475e	5f7cc10afa0456c7997cfe76759cfc07fcc896a9e82c6dad917414e6bf3a475e	
UploadFiles/xwzx/2026/9/202609201516561142.png	UploadFiles/xwzx/2026/9/202609201516561142.png	39801	367b7cc446a0a9b78f7c69c4bec129757a53cf02eaeb70f4edf8ae8b9a3feb56	367b7cc446a0a9b78f7c69c4bec129757a53cf02eaeb70f4edf8ae8b9a3feb56	
UploadFiles/xwzx/2026/9/202609201521366182.png	UploadFiles/xwzx/2026/9/202609201521366182.png	39244	fddcfa62c3a9f37632ae787ab352f0dc644dde17767fb2dec62d3253274f7b36	fddcfa62c3a9f37632ae787ab352f0dc644dde17767fb2dec62d3253274f7b36	
UploadFiles/xwzx/2026/9/202609201524412280.png	UploadFiles/xwzx/2026/9/202609201524412280.png	38955	0979f7ab71deae4f94fa9f1a975cce4076ffc2fb5435bd64d94773d56dce9fd8	0979f7ab71deae4f94fa9f1a975cce4076ffc2fb5435bd64d94773d56dce9fd8	
UploadFiles/xwzx/2026/9/202609201525103317.png	UploadFiles/xwzx/2026/9/202609201525103317.png	38894	f4b34db9d22acde3e7837c58a57f1d20eb5adc461451b0efe7c61ecd36861c56	f4b34db9d22acde3e7837c58a57f1d20eb5adc461451b0efe7c61ecd36861c56	
UploadFiles/xwzx/2026/9/202609210854506069.png	UploadFiles/xwzx/2026/9/202609210854506069.png	210406	97d5dc8b3176edc50a73cfd0511963cf53d5a18a6006fa273325f785003d0c01	97d5dc8b3176edc50a73cfd0511963cf53d5a18a6006fa273325f785003d0c01	
UploadFiles/xwzx/2026/9/202609211617300832.png	UploadFiles/xwzx/2026/9/202609211617300832.png	33477	e7dfb440e072026b345096ec1cee1024133c83ed2ab9b63f28b9656829e9fc7d	e7dfb440e072026b345096ec1cee1024133c83ed2ab9b63f28b9656829e9fc7d	
UploadFiles/xwzx/2026/9/202609221042106580.png	UploadFiles/xwzx/2026/9/202609221042106580.png	38229	e52148fe5b0a869055edc6635b7a7a5fe550bf101efd576156b0d5bb134f6448	e52148fe5b0a869055edc6635b7a7a5fe550bf101efd576156b0d5bb134f6448	
UploadFiles/xwzx/2026/9/202609221504348123.png	UploadFiles/xwzx/2026/9/202609221504348123.png	33377	862d016f1880406f341ea741b7f40d5ac8ce287f9a6637bafb39cc0ff6a941df	862d016f1880406f341ea741b7f40d5ac8ce287f9a6637bafb39cc0ff6a941df	
UploadFiles/xwzx/2026/9/202609221511465856.png	UploadFiles/xwzx/2026/9/202609221511465856.png	39177	e29a76da3ef75157a366aeb3644c82ebf276413f7b488a1ef06ecada0a080fdc	e29a76da3ef75157a366aeb3644c82ebf276413f7b488a1ef06ecada0a080fdc	
UploadFiles/xwzx/2026/9/202609230849465756.png	UploadFiles/xwzx/2026/9/202609230849465756.png	197675	59c90f596fdc7bc24424154f107275a38d390ffc7b88464242a65e5a3fd756bc	59c90f596fdc7bc24424154f107275a38d390ffc7b88464242a65e5a3fd756bc	
UploadFiles/xwzx/2026/9/202609231406461810.png	UploadFiles/xwzx/2026/9/202609231406461810.png	33258	b0314dc6dae46233bd9aaa2fa9454873677d8777ee2bff647b17f28774c933bc	b0314dc6dae46233bd9aaa2fa9454873677d8777ee2bff647b17f28774c933bc	
UploadFiles/xwzx/2026/9/202609231407211589.png	UploadFiles/xwzx/2026/9/202609231407211589.png	38925	94f907e79388f89118fc2d404cc3324bfe0d4633a3ff3968ae99b11f253d666c	94f907e79388f89118fc2d404cc3324bfe0d4633a3ff3968ae99b11f253d666c	
UploadFiles/xwzx/2026/9/202609231451305464.png	UploadFiles/xwzx/2026/9/202609231451305464.png	10693	f41476b3e830038f755fc9a48cbf191588c58f15da2cb9d026f8a7f6f5cc2113	f41476b3e830038f755fc9a48cbf191588c58f15da2cb9d026f8a7f6f5cc2113	
UploadFiles/xwzx/2026/9/202609231549579994.png	UploadFiles/xwzx/2026/9/202609231549579994.png	38730	942bf96de93822a77406a8583c79b3f45dffafdcdebfd6fcd40d41af662b0e66	942bf96de93822a77406a8583c79b3f45dffafdcdebfd6fcd40d41af662b0e66	
UploadFiles/xwzx/2026/9/202609231551277554.png	UploadFiles/xwzx/2026/9/202609231551277554.png	38888	efcae6339bce51f46ad4d9f3bd357fa4d974bc8148fd2ef9d83499a62fdc7b09	efcae6339bce51f46ad4d9f3bd357fa4d974bc8148fd2ef9d83499a62fdc7b09	
UploadFiles/xwzx/2026/9/202609241100515595.Jpeg	UploadFiles/xwzx/2026/9/202609241100515595.jpeg	29396	9296f036f0b73d20bb5b21c2bee783981516697263cc33614631805a6fa4b508	9296f036f0b73d20bb5b21c2bee783981516697263cc33614631805a6fa4b508	
UploadFiles/xwzx/2026/9/202609241100518532.Png	UploadFiles/xwzx/2026/9/202609241100518532.png	4436	6a8a1eb0f85fb7ce26d8b196977d317f9a8e8b32fc890fbda3c187360047d7ea	6a8a1eb0f85fb7ce26d8b196977d317f9a8e8b32fc890fbda3c187360047d7ea	
UploadFiles/xwzx/2026/9/202609241344300082.jpg	UploadFiles/xwzx/2026/9/202609241344300082.jpg	26938	98aa547c009832cbd60b6424e6b1d7fc1e8e4dd9a2051909adff8ab9c513231b	98aa547c009832cbd60b6424e6b1d7fc1e8e4dd9a2051909adff8ab9c513231b	
UploadFiles/xwzx/2026/9/202609241344302204.jpg	UploadFiles/xwzx/2026/9/202609241344302204.jpg	7553	0e3d01fc87d49cdfa76a15db9e33d9bbbdc4f18f0a83c046d45296970eb6ad07	0e3d01fc87d49cdfa76a15db9e33d9bbbdc4f18f0a83c046d45296970eb6ad07	
UploadFiles/xwzx/2026/9/202609241548218375.png	UploadFiles/xwzx/2026/9/202609241548218375.png	38094	1d32a711f909d18ba39dbc7a8d6cb0daec5d4c932b267b288b9afdbb924f68e8	1d32a711f909d18ba39dbc7a8d6cb0daec5d4c932b267b288b9afdbb924f68e8	
UploadFiles/xwzx/2026/9/202609241551151341.png	UploadFiles/xwzx/2026/9/202609241551151341.png	38580	e65d4f3a8132f722c28d14b69dc4dc849d0e8c2f8a6f62e5f3264191224821a1	e65d4f3a8132f722c28d14b69dc4dc849d0e8c2f8a6f62e5f3264191224821a1	
UploadFiles/xwzx/2026/9/202609241602040262.png	UploadFiles/xwzx/2026/9/202609241602040262.png	7523	8de4720ecc781264eba38d88bd55a7eb5e0eade14b39a86eed3e33e3ffa3bd05	8de4720ecc781264eba38d88bd55a7eb5e0eade14b39a86eed3e33e3ffa3bd05	
UploadFiles/xwzx/2026/9/202609241602043441.png	UploadFiles/xwzx/2026/9/202609241602043441.png	14309	16a8f21dfbbe0e006e0273a04dba828b7de09fe8689e01640ad6bc32154dcd81	16a8f21dfbbe0e006e0273a04dba828b7de09fe8689e01640ad6bc32154dcd81	
UploadFiles/xwzx/2026/9/202609271516266568.png	UploadFiles/xwzx/2026/9/202609271516266568.png	38066	39ea6562ce7571cac2e5238a5db0afdbdb946ca67d82e1153553d3d26f0caf82	39ea6562ce7571cac2e5238a5db0afdbdb946ca67d82e1153553d3d26f0caf82	
UploadFiles/xwzx/2026/9/202609271516536188.png	UploadFiles/xwzx/2026/9/202609271516536188.png	38580	e65d4f3a8132f722c28d14b69dc4dc849d0e8c2f8a6f62e5f3264191224821a1	e65d4f3a8132f722c28d14b69dc4dc849d0e8c2f8a6f62e5f3264191224821a1	
UploadFiles/xwzx/2026/9/202609281451460718.png	UploadFiles/xwzx/2026/9/202609281451460718.png	34814	7713fb04ddd0c751f68514cc3c38e5fd544fb2a9261728aed2ca3d6ceb49d704	7713fb04ddd0c751f68514cc3c38e5fd544fb2a9261728aed2ca3d6ceb49d704	
UploadFiles/xwzx/2026/9/202609281622481796.Jpeg	UploadFiles/xwzx/2026/9/202609281622481796.jpeg	41512	eef8e36e92be9a8a61d73633ece6b1be5ba50efb22d473d38fbfda297080b0fa	eef8e36e92be9a8a61d73633ece6b1be5ba50efb22d473d38fbfda297080b0fa	
UploadFiles/xwzx/2026/9/202609281622482011.Jpeg	UploadFiles/xwzx/2026/9/202609281622482011.jpeg	48849	737a3a06dfd6f5106f2c450364b92a833fb7d315eb593d356aef229e13d33bd8	737a3a06dfd6f5106f2c450364b92a833fb7d315eb593d356aef229e13d33bd8	
UploadFiles/xwzx/2026/9/202609281622482612.Jpeg	UploadFiles/xwzx/2026/9/202609281622482612.jpeg	46815	c90476f5b7ca4d3870b2cec1f93e5bc2d48a711887c78a814458e8598dc52de1	c90476f5b7ca4d3870b2cec1f93e5bc2d48a711887c78a814458e8598dc52de1	
UploadFiles/xwzx/2026/9/202609281622482981.Jpeg	UploadFiles/xwzx/2026/9/202609281622482981.jpeg	102473	cf6f5d0c4f7782481647b632e31aa03b1a72a30ae82a3d4c2fb11611d2e43a36	cf6f5d0c4f7782481647b632e31aa03b1a72a30ae82a3d4c2fb11611d2e43a36	
UploadFiles/xwzx/2026/9/202609281622485071.Jpeg	UploadFiles/xwzx/2026/9/202609281622485071.jpeg	66336	b11122ef9c804f18754e362e4990d3d3b94fc38d16b86091ef38c84585e25360	b11122ef9c804f18754e362e4990d3d3b94fc38d16b86091ef38c84585e25360	
UploadFiles/xwzx/2026/9/202609281622486862.Jpeg	UploadFiles/xwzx/2026/9/202609281622486862.jpeg	40446	cb46ddfe0d7ca3e720f500f48151e4f1404ccf80d0899e759c4aa1094ecc422e	cb46ddfe0d7ca3e720f500f48151e4f1404ccf80d0899e759c4aa1094ecc422e	
UploadFiles/xwzx/2026/9/202609281622486900.Jpeg	UploadFiles/xwzx/2026/9/202609281622486900.jpeg	50486	4dc714c965d754acee78c485d4ec5d4480c925f8ff41424b0951e2f00e1f1f80	4dc714c965d754acee78c485d4ec5d4480c925f8ff41424b0951e2f00e1f1f80	
UploadFiles/xwzx/2026/9/202609281622487639.Jpeg	UploadFiles/xwzx/2026/9/202609281622487639.jpeg	66063	c2133af6b578d0c339e37672a056b916f1bb33d7ea0aa16e780df293cdb1a414	c2133af6b578d0c339e37672a056b916f1bb33d7ea0aa16e780df293cdb1a414	
UploadFiles/xwzx/2026/9/202609281622487844.Jpeg	UploadFiles/xwzx/2026/9/202609281622487844.jpeg	41418	0f6a042ad28c5f2cb08794f922cd47a53437304abd518cb889f22b8272db6cdc	0f6a042ad28c5f2cb08794f922cd47a53437304abd518cb889f22b8272db6cdc	
UploadFiles/xwzx/2026/9/202609281622489489.Jpeg	UploadFiles/xwzx/2026/9/202609281622489489.jpeg	50813	f2b6bc59284f0afe260207a564cd1b6e7f6fdef4f66f9532c23e8e05ff7c1126	f2b6bc59284f0afe260207a564cd1b6e7f6fdef4f66f9532c23e8e05ff7c1126	
UploadFiles/xwzx/2026/9/202609281622489545.Jpeg	UploadFiles/xwzx/2026/9/202609281622489545.jpeg	42868	843d43902b3b36c3f6dfba9603325154521a58a60f097f4bba83192c5ac9670f	843d43902b3b36c3f6dfba9603325154521a58a60f097f4bba83192c5ac9670f	
UploadFiles/xwzx/2026/9/202609281624040567.JPG	UploadFiles/xwzx/2026/9/202609281624040567.jpg	15739183	33909b762188ce1e9cbdc8798aea233cdb4f8e0cc143a9563ce78885111b1456	33909b762188ce1e9cbdc8798aea233cdb4f8e0cc143a9563ce78885111b1456	
UploadFiles/xwzx/2026/9/202609281624210056.Jpeg	UploadFiles/xwzx/2026/9/202609281624210056.jpeg	43564	14d2c34543bc8b03681adf3c6ee3c653a4aaefc1a277d513c4b6fa3a858efd25	14d2c34543bc8b03681adf3c6ee3c653a4aaefc1a277d513c4b6fa3a858efd25	
UploadFiles/xwzx/2026/9/202609281624210780.Png	UploadFiles/xwzx/2026/9/202609281624210780.png	415469	710b4d5814cf5fa3abe2984347f0aeda1cb58974532e4c9500f9d4ccd13e2731	710b4d5814cf5fa3abe2984347f0aeda1cb58974532e4c9500f9d4ccd13e2731	
UploadFiles/xwzx/2026/9/202609281624211723.Png	UploadFiles/xwzx/2026/9/202609281624211723.png	662004	104a36034d6028935625e81459f5ae4c547865f12c8a4088117e2600dddc899c	104a36034d6028935625e81459f5ae4c547865f12c8a4088117e2600dddc899c	
UploadFiles/xwzx/2026/9/202609281624211768.Jpeg	UploadFiles/xwzx/2026/9/202609281624211768.jpeg	24389	86000efe0ebe75c968e0427399286e9f2d4abe0774158cb903c679c7c0cd493e	86000efe0ebe75c968e0427399286e9f2d4abe0774158cb903c679c7c0cd493e	
UploadFiles/xwzx/2026/9/202609281624212167.Jpeg	UploadFiles/xwzx/2026/9/202609281624212167.jpeg	347858	e6db609e26ceb7c7532828c709cb85ab8fd753a47d5a5545688b51fcac8f43a6	e6db609e26ceb7c7532828c709cb85ab8fd753a47d5a5545688b51fcac8f43a6	
UploadFiles/xwzx/2026/9/202609281624212889.Jpeg	UploadFiles/xwzx/2026/9/202609281624212889.jpeg	43849	f45da89a11a54503bdad6f5ce1bfad7524ad33b14479ae2578719eff42558775	f45da89a11a54503bdad6f5ce1bfad7524ad33b14479ae2578719eff42558775	
UploadFiles/xwzx/2026/9/202609281624212894.Jpeg	UploadFiles/xwzx/2026/9/202609281624212894.jpeg	45042	5e2792b757bd5cd5b1650397fd9c63fd55c3b24fe1ac66a36a56540d64bb3c75	5e2792b757bd5cd5b1650397fd9c63fd55c3b24fe1ac66a36a56540d64bb3c75	
UploadFiles/xwzx/2026/9/202609281624213416.Jpeg	UploadFiles/xwzx/2026/9/202609281624213416.jpeg	45878	0f7a9107c53c1a58ba9bb755bd9b441a1a5485afad6823a5508e463716d8c2c2	0f7a9107c53c1a58ba9bb755bd9b441a1a5485afad6823a5508e463716d8c2c2	
UploadFiles/xwzx/2026/9/202609281624213574.Jpeg	UploadFiles/xwzx/2026/9/202609281624213574.jpeg	52488	c7bc67221906e88daf3b2fd72bd56b764da921fe6ee9ed2a8dac44edfb16bff3	c7bc67221906e88daf3b2fd72bd56b764da921fe6ee9ed2a8dac44edfb16bff3	
UploadFiles/xwzx/2026/9/202609281624215320.Jpeg	UploadFiles/xwzx/2026/9/202609281624215320.jpeg	23677	1ba7ea88a293fdd40fbce7cf77484b1d1843156a3a431d183a53e957bda386f9	1ba7ea88a293fdd40fbce7cf77484b1d1843156a3a431d183a53e957bda386f9	
UploadFiles/xwzx/2026/9/202609281624215422.Jpeg	UploadFiles/xwzx/2026/9/202609281624215422.jpeg	27599	3f1702b16a7c143c7f66ceba67d7d60830b9d68f41581c59849e08b73de6b6a5	3f1702b16a7c143c7f66ceba67d7d60830b9d68f41581c59849e08b73de6b6a5	
UploadFiles/xwzx/2026/9/202609281624215675.Jpeg	UploadFiles/xwzx/2026/9/202609281624215675.jpeg	47292	238e8e22234749c6dcf2e9127408f33b46b504e22bc2eb0253b9948ad859c11d	238e8e22234749c6dcf2e9127408f33b46b504e22bc2eb0253b9948ad859c11d	
UploadFiles/xwzx/2026/9/202609281624216690.Jpeg	UploadFiles/xwzx/2026/9/202609281624216690.jpeg	31975	a2b171b836c09305a5000bb72b4aecae4ef4082a2297f08e21884f085cd5df60	a2b171b836c09305a5000bb72b4aecae4ef4082a2297f08e21884f085cd5df60	
UploadFiles/xwzx/2026/9/202609281624216832.Jpeg	UploadFiles/xwzx/2026/9/202609281624216832.jpeg	133142	f066946c2ffe56fa4e9437a4299e9d4f887e032c3ff35db0b32928930c6f895e	f066946c2ffe56fa4e9437a4299e9d4f887e032c3ff35db0b32928930c6f895e	
UploadFiles/xwzx/2026/9/202609281624217346.Jpeg	UploadFiles/xwzx/2026/9/202609281624217346.jpeg	28358	b0f6c51f2e681b735362f0f6fd95e32d79d6ca78e5b8a33a261a1e1cd961cc76	b0f6c51f2e681b735362f0f6fd95e32d79d6ca78e5b8a33a261a1e1cd961cc76	
UploadFiles/xwzx/2026/9/202609281624218345.Jpeg	UploadFiles/xwzx/2026/9/202609281624218345.jpeg	55574	23d6509cb7da9c04f5b51c7203d0f65c93bbc73a1e62c4468176187eb9a7570f	23d6509cb7da9c04f5b51c7203d0f65c93bbc73a1e62c4468176187eb9a7570f	
UploadFiles/xwzx/2026/9/202609281624218411.Jpeg	UploadFiles/xwzx/2026/9/202609281624218411.jpeg	18059	ac5edcf4daf8c4c51a3613d17b110002db1f0e8dc9f83d48d2a5286194e2b500	ac5edcf4daf8c4c51a3613d17b110002db1f0e8dc9f83d48d2a5286194e2b500	
UploadFiles/xwzx/2026/9/202609281624218499.Jpeg	UploadFiles/xwzx/2026/9/202609281624218499.jpeg	24933	09daa2c8cbd6ac18dd5e5419d41bbdd484916cc850c3eda8bb1f1f81aa7a67a5	09daa2c8cbd6ac18dd5e5419d41bbdd484916cc850c3eda8bb1f1f81aa7a67a5	
UploadFiles/xwzx/2026/9/202609281624229592.Png	UploadFiles/xwzx/2026/9/202609281624229592.png	623594	9069b6885ff59d26b1767e29fd7f2853441db1329d628cf1e8e3bd4e75cbd5cd	9069b6885ff59d26b1767e29fd7f2853441db1329d628cf1e8e3bd4e75cbd5cd	
UploadFiles/xwzx/2026/9/202609281624551372.Jpeg	UploadFiles/xwzx/2026/9/202609281624551372.jpeg	45954	490241d17df8780b752ea430e07c4089f556346eb66288295b1bba6acd1980cd	490241d17df8780b752ea430e07c4089f556346eb66288295b1bba6acd1980cd	
UploadFiles/xwzx/2026/9/202609281624551679.Jpeg	UploadFiles/xwzx/2026/9/202609281624551679.jpeg	37933	8ad581154ebea31378974da61f14b6aec3e6f5b6b8d060875d6223c6ae6e3818	8ad581154ebea31378974da61f14b6aec3e6f5b6b8d060875d6223c6ae6e3818	
UploadFiles/xwzx/2026/9/202609281624552935.Jpeg	UploadFiles/xwzx/2026/9/202609281624552935.jpeg	37607	af960ea17bdf1efa6088436961688d457dc8bec7f4795b811273a22e57d8ddec	af960ea17bdf1efa6088436961688d457dc8bec7f4795b811273a22e57d8ddec	
UploadFiles/xwzx/2026/9/202609281624552968.Jpeg	UploadFiles/xwzx/2026/9/202609281624552968.jpeg	23861	88af41777b9b2bd3f867fa3b8ffae4d4046ae15af97f2eb0b7c9ac9d7841e3ec	88af41777b9b2bd3f867fa3b8ffae4d4046ae15af97f2eb0b7c9ac9d7841e3ec	
UploadFiles/xwzx/2026/9/202609281624555127.Jpeg	UploadFiles/xwzx/2026/9/202609281624555127.jpeg	44429	1c21574947419acd84970e361b2226a88bef5cc0f34ac55b3127dd3a7373b683	1c21574947419acd84970e361b2226a88bef5cc0f34ac55b3127dd3a7373b683	
UploadFiles/xwzx/2026/9/202609281624556271.Png	UploadFiles/xwzx/2026/9/202609281624556271.png	24964	864473035147d7e8f1df4a1928788bd8562223651598acbc3ef86e00ea8b9c3d	864473035147d7e8f1df4a1928788bd8562223651598acbc3ef86e00ea8b9c3d	
UploadFiles/xwzx/2026/9/202609281624556435.Jpeg	UploadFiles/xwzx/2026/9/202609281624556435.jpeg	46781	c55c9e89dd6c0d52c995a260e9be4c09e95e113587b9a3296e5c1ad7096910ef	c55c9e89dd6c0d52c995a260e9be4c09e95e113587b9a3296e5c1ad7096910ef	
UploadFiles/xwzx/2026/9/202609281624557384.Jpeg	UploadFiles/xwzx/2026/9/202609281624557384.jpeg	47117	02f7b0a86ced44d7e1556b18f62aa1b39cced48187d039931d6db97b691c20f4	02f7b0a86ced44d7e1556b18f62aa1b39cced48187d039931d6db97b691c20f4	
UploadFiles/xwzx/2026/9/202609281624557798.Png	UploadFiles/xwzx/2026/9/202609281624557798.png	26824	c4a6f765800f3b7817fdcfbc36624a06e41ebe5515b2246bfb9985fd10f887c7	c4a6f765800f3b7817fdcfbc36624a06e41ebe5515b2246bfb9985fd10f887c7	
UploadFiles/xwzx/2026/9/202609281624558031.Jpeg	UploadFiles/xwzx/2026/9/202609281624558031.jpeg	39760	256a59adc847a94f6914148e2f2f4395c436a6ee68fc69b63f8de912e2e3bffd	256a59adc847a94f6914148e2f2f4395c436a6ee68fc69b63f8de912e2e3bffd	
UploadFiles/xwzx/2026/9/202609281624558788.Jpeg	UploadFiles/xwzx/2026/9/202609281624558788.jpeg	31335	08967fbc2080aa14542b2149736a2f2a9c43bbdf52213aa915c6f96565b48045	08967fbc2080aa14542b2149736a2f2a9c43bbdf52213aa915c6f96565b48045	
UploadFiles/xwzx/2026/9/202609281624559635.Jpeg	UploadFiles/xwzx/2026/9/202609281624559635.jpeg	52947	48eca52f4d7ba22f1185e68240ded103eaea1966fd9ca9c383626d1b6ce7522a	48eca52f4d7ba22f1185e68240ded103eaea1966fd9ca9c383626d1b6ce7522a	
UploadFiles/xwzx/2026/9/202609281625539199.png	UploadFiles/xwzx/2026/9/202609281625539199.png	586464	f88ac141d689b184f375dd2f059f711b2abe6e4bec01fa72252013c22382efa9	f88ac141d689b184f375dd2f059f711b2abe6e4bec01fa72252013c22382efa9	
UploadFiles/xwzx/2026/9/202609281625539199_600_340.png	UploadFiles/xwzx/2026/9/202609281625539199_600_340.png	327518	b26c694c60457ead85d3efae90cb3f990f359df65e45cd115d5623f7cc9a95d0	b26c694c60457ead85d3efae90cb3f990f359df65e45cd115d5623f7cc9a95d0	
UploadFiles/xwzx/2026/9/202609281626078364.png	UploadFiles/xwzx/2026/9/202609281626078364.png	530841	ec498b2eb158c0547efed1eea4ddbde5a70168806141897c13185e6b070a7d83	ec498b2eb158c0547efed1eea4ddbde5a70168806141897c13185e6b070a7d83	
UploadFiles/xwzx/2026/9/202609281627161029.jpg	UploadFiles/xwzx/2026/9/202609281627161029.jpg	267459	cdffd8cd26fdf159226ff80650bd7aca91e171ab326d7c9864c280ebfb72b7cc	cdffd8cd26fdf159226ff80650bd7aca91e171ab326d7c9864c280ebfb72b7cc	
UploadFiles/xwzx/2026/9/202609281627161029_600_340.jpg	UploadFiles/xwzx/2026/9/202609281627161029_600_340.jpg	21124	9dd51c8356ff9f8392fbfd46e9e019335fdabbd73a65debe7ed4e6703e8f9c1a	9dd51c8356ff9f8392fbfd46e9e019335fdabbd73a65debe7ed4e6703e8f9c1a	
UploadFiles/xwzx/2026/9/202609281627167933.jpg	UploadFiles/xwzx/2026/9/202609281627167933.jpg	1098352	8168fb90a1dcb992b5798204048db961a8c658b5720bcafc743f13055a89b82a	8168fb90a1dcb992b5798204048db961a8c658b5720bcafc743f13055a89b82a	
UploadFiles/xwzx/2026/9/202609281627171825.jpg	UploadFiles/xwzx/2026/9/202609281627171825.jpg	1428288	2dc5cc8cc90f936ccb1c653437d839f11990b5a39972127b1c4cb379840617f1	2dc5cc8cc90f936ccb1c653437d839f11990b5a39972127b1c4cb379840617f1	
UploadFiles/xwzx/2026/9/202609281627172516.jpg	UploadFiles/xwzx/2026/9/202609281627172516.jpg	1365760	107c58f46dcbe58f0494eb0ef7eaca9b8abd37c9c04a090afa83bfe4cac82aea	107c58f46dcbe58f0494eb0ef7eaca9b8abd37c9c04a090afa83bfe4cac82aea	
UploadFiles/xwzx/2026/9/202609281627173906.jpg	UploadFiles/xwzx/2026/9/202609281627173906.jpg	213553	8b1cd69501c557e9c38ab5bd883a255a2e98033a3f659cd2a4d6efa515bcba16	8b1cd69501c557e9c38ab5bd883a255a2e98033a3f659cd2a4d6efa515bcba16	
UploadFiles/xwzx/2026/9/202609281627175945.jpg	UploadFiles/xwzx/2026/9/202609281627175945.jpg	896950	98ec8172cba11be0814a227b21ae58e4aa549f3358160b8820cb029ba5be7bff	98ec8172cba11be0814a227b21ae58e4aa549f3358160b8820cb029ba5be7bff	
UploadFiles/xwzx/2026/9/202609281627180331.jpg	UploadFiles/xwzx/2026/9/202609281627180331.jpg	1338110	ba40aed14c122ddaf9c0ce353bc94869e69eb04bf834e7804f612ba85b39ea23	ba40aed14c122ddaf9c0ce353bc94869e69eb04bf834e7804f612ba85b39ea23	
UploadFiles/xwzx/2026/9/202609281627182276.jpg	UploadFiles/xwzx/2026/9/202609281627182276.jpg	222785	c3e09952b661a94d6fac1ddf14885130b3c8d1b428d52ea0b90d434b1701d3b2	c3e09952b661a94d6fac1ddf14885130b3c8d1b428d52ea0b90d434b1701d3b2	
UploadFiles/xwzx/2026/9/202609281627184742.jpg	UploadFiles/xwzx/2026/9/202609281627184742.jpg	168888	1daa797bb9244ca5602e5b6edaed4d8aa520c0263096dbc02a372f6bf5f5bcb0	1daa797bb9244ca5602e5b6edaed4d8aa520c0263096dbc02a372f6bf5f5bcb0	
UploadFiles/xwzx/2026/9/202609281627186619.jpg	UploadFiles/xwzx/2026/9/202609281627186619.jpg	567729	ddbbe369d84370f7a92197b3eeba8c04f350e64003cdf1605266adc72db1978f	ddbbe369d84370f7a92197b3eeba8c04f350e64003cdf1605266adc72db1978f	
UploadFiles/xwzx/2026/9/202609281627193025.jpg	UploadFiles/xwzx/2026/9/202609281627193025.jpg	657800	abd939efc900bb3367162da6c0ff7bc08b0607c3245676f581cb7eadb0f53941	abd939efc900bb3367162da6c0ff7bc08b0607c3245676f581cb7eadb0f53941	
UploadFiles/xwzx/2026/9/202609281627198178.jpg	UploadFiles/xwzx/2026/9/202609281627198178.jpg	1574846	e893f165b92eb71931d55ba6e2a39d9aa66448a14253d33f613bc482fd2590a5	e893f165b92eb71931d55ba6e2a39d9aa66448a14253d33f613bc482fd2590a5	
UploadFiles/xwzx/2026/9/202609281627198468.jpg	UploadFiles/xwzx/2026/9/202609281627198468.jpg	1045100	5a1463578a8edd6fb39e9553d8a6685017a5c97a3fafbc80dc1a0af11d8c2acc	5a1463578a8edd6fb39e9553d8a6685017a5c97a3fafbc80dc1a0af11d8c2acc	
UploadFiles/xwzx/2026/9/202609281627199331.jpg	UploadFiles/xwzx/2026/9/202609281627199331.jpg	328139	7eda990f95a15667ec2eb9b54eed0e2dfc526ede117e23d0b5828a1d66df54ff	7eda990f95a15667ec2eb9b54eed0e2dfc526ede117e23d0b5828a1d66df54ff	
UploadFiles/xwzx/2026/9/202609281627199565.jpg	UploadFiles/xwzx/2026/9/202609281627199565.jpg	922558	73861c99badf3c3d49dabdab3a18b7c474815f62c23d86254756025316e657f5	73861c99badf3c3d49dabdab3a18b7c474815f62c23d86254756025316e657f5	
UploadFiles/xwzx/2026/9/202609281627462621.jpg	UploadFiles/xwzx/2026/9/202609281627462621.jpg	502929	edcb34d0c844816dcaefc2ed887d98782aa1460670392078f646c3988ecdd34f	edcb34d0c844816dcaefc2ed887d98782aa1460670392078f646c3988ecdd34f	
UploadFiles/xwzx/2026/9/202609281627465303.jpg	UploadFiles/xwzx/2026/9/202609281627465303.jpg	1212769	3524097094a86ddfb1859a80b61c3cbadfefabcdc8e2ac35360c4fa4615dc803	3524097094a86ddfb1859a80b61c3cbadfefabcdc8e2ac35360c4fa4615dc803	
UploadFiles/xwzx/2026/9/202609281627474096.jpg	UploadFiles/xwzx/2026/9/202609281627474096.jpg	685859	34aea6320ee1e332dcfe5eb17c54a9a43f9cdc4b27fc6b14d2e0c3139a4b40b8	34aea6320ee1e332dcfe5eb17c54a9a43f9cdc4b27fc6b14d2e0c3139a4b40b8	
UploadFiles/xwzx/2026/9/202609281627477071.jpg	UploadFiles/xwzx/2026/9/202609281627477071.jpg	1473675	36f451f1fd562fc0a97ffb16ea322ce7baef7a5d6918d8eb1ef17ebae827bb9c	36f451f1fd562fc0a97ffb16ea322ce7baef7a5d6918d8eb1ef17ebae827bb9c	
UploadFiles/xwzx/2026/9/202609281627477279.jpg	UploadFiles/xwzx/2026/9/202609281627477279.jpg	946518	d31019dcaae43295f659cf98a6990e37291214004d826ea9e9e52a1eacaaae11	d31019dcaae43295f659cf98a6990e37291214004d826ea9e9e52a1eacaaae11	
UploadFiles/xwzx/2026/9/202609281627485820.jpg	UploadFiles/xwzx/2026/9/202609281627485820.jpg	221592	ccfca592ae86fb35fae42dd902a5b4e9204b57199062c35521da538d63c0dd15	ccfca592ae86fb35fae42dd902a5b4e9204b57199062c35521da538d63c0dd15	
UploadFiles/xwzx/2026/9/202609281627487483.jpg	UploadFiles/xwzx/2026/9/202609281627487483.jpg	920392	9aa96a45d3e701ab758648981eba9a19e099df6d7dd29a68a25d96333b2012af	9aa96a45d3e701ab758648981eba9a19e099df6d7dd29a68a25d96333b2012af	
UploadFiles/xwzx/2026/9/202609281627488576.jpg	UploadFiles/xwzx/2026/9/202609281627488576.jpg	713922	bf41ad1edf684d8631275a4f4fdcb8c2548a0fada6ecee453839c99453308028	bf41ad1edf684d8631275a4f4fdcb8c2548a0fada6ecee453839c99453308028	
UploadFiles/xwzx/2026/9/202609281627492078.jpg	UploadFiles/xwzx/2026/9/202609281627492078.jpg	1475357	19d939ca747cfceead220dd154602744b76695d13f7c8e433d1c034e0acda206	19d939ca747cfceead220dd154602744b76695d13f7c8e433d1c034e0acda206	
UploadFiles/xwzx/2026/9/202609281627493186.jpg	UploadFiles/xwzx/2026/9/202609281627493186.jpg	237403	0ebc85b348978de13b9e07b3d0c17b3447f850ca3ceb98d730bbbc43ef875cd9	0ebc85b348978de13b9e07b3d0c17b3447f850ca3ceb98d730bbbc43ef875cd9	
UploadFiles/xwzx/2026/9/202609281627495912.jpg	UploadFiles/xwzx/2026/9/202609281627495912.jpg	2391573	3b74a32eb60f795c71e1a180076959a336c92309c97a90749d52f86032d43138	3b74a32eb60f795c71e1a180076959a336c92309c97a90749d52f86032d43138	
UploadFiles/xwzx/2026/9/202609281627498526.jpg	UploadFiles/xwzx/2026/9/202609281627498526.jpg	146043	be715f5f78927e60b25a76691d3e608e86770147fd2ee2de67fd775fdf9185ee	be715f5f78927e60b25a76691d3e608e86770147fd2ee2de67fd775fdf9185ee	
UploadFiles/xwzx/2026/9/202609281627499661.jpg	UploadFiles/xwzx/2026/9/202609281627499661.jpg	2044299	c59926c2a2d310e5588b34370ee05a27fc80625f388e438dd832ea0fd5b3708b	c59926c2a2d310e5588b34370ee05a27fc80625f388e438dd832ea0fd5b3708b	
UploadFiles/xwzx/2026/9/202609281627507667.jpg	UploadFiles/xwzx/2026/9/202609281627507667.jpg	423799	7c9794b0caab3b6fe9e825ff8112720a26d3e5e7afc5247f1b87b294f5d6886f	7c9794b0caab3b6fe9e825ff8112720a26d3e5e7afc5247f1b87b294f5d6886f	
UploadFiles/xwzx/2026/9/202609281627508641.jpg	UploadFiles/xwzx/2026/9/202609281627508641.jpg	905878	3a3e2c50fecefcddbf1355610bbe5af718abb3cbba41cdc44e36f98514e4ece7	3a3e2c50fecefcddbf1355610bbe5af718abb3cbba41cdc44e36f98514e4ece7	
UploadFiles/xwzx/2026/9/202609281628163621.jpg	UploadFiles/xwzx/2026/9/202609281628163621.jpg	194457	898bf06b32edae86c66f82bdd48b485096e392db471594c4e6b5e79c6ac9900c	898bf06b32edae86c66f82bdd48b485096e392db471594c4e6b5e79c6ac9900c	
UploadFiles/xwzx/2026/9/202609281628164775.jpg	UploadFiles/xwzx/2026/9/202609281628164775.jpg	242069	24507fb78504d13f407e9ea7cacb132b13fc9af7e76dfe4acaca1c6f51fb7bc6	24507fb78504d13f407e9ea7cacb132b13fc9af7e76dfe4acaca1c6f51fb7bc6	
UploadFiles/xwzx/2026/9/202609281628168861.jpg	UploadFiles/xwzx/2026/9/202609281628168861.jpg	1361949	b131a03a71f30e1a776dca54700c0867c5c5cde2fa49d4f45d17e6636fb29814	b131a03a71f30e1a776dca54700c0867c5c5cde2fa49d4f45d17e6636fb29814	
UploadFiles/xwzx/2026/9/202609281628170178.jpg	UploadFiles/xwzx/2026/9/202609281628170178.jpg	697801	430a955dd43bf0ce60e339dc2ca11ee658b1409e9c556df6a068a109efbff69c	430a955dd43bf0ce60e339dc2ca11ee658b1409e9c556df6a068a109efbff69c	
UploadFiles/xwzx/2026/9/202609281628173504.jpg	UploadFiles/xwzx/2026/9/202609281628173504.jpg	582113	71fa7143a12f5b7afc1ebdefa8242858d34938a769cd4c5c7347c831c5a045f8	71fa7143a12f5b7afc1ebdefa8242858d34938a769cd4c5c7347c831c5a045f8	
UploadFiles/xwzx/2026/9/202609281628178907.jpg	UploadFiles/xwzx/2026/9/202609281628178907.jpg	153095	f1587ac637bf49ffa852009090b8cd6beee78cc03b4808fffc4c91262331b6fa	f1587ac637bf49ffa852009090b8cd6beee78cc03b4808fffc4c91262331b6fa	
UploadFiles/xwzx/2026/9/202609281628179623.jpg	UploadFiles/xwzx/2026/9/202609281628179623.jpg	438913	aced6c344ccda141ccd1cf8356cda7a9284c860a554a8a081b08eb31ac42dbbd	aced6c344ccda141ccd1cf8356cda7a9284c860a554a8a081b08eb31ac42dbbd	
UploadFiles/xwzx/2026/9/202609281628179921.jpg	UploadFiles/xwzx/2026/9/202609281628179921.jpg	104829	1e7bc2b9a9454c9a015d33fef69c0f247cbcef582b3806b886cc136aeab17659	1e7bc2b9a9454c9a015d33fef69c0f247cbcef582b3806b886cc136aeab17659	
UploadFiles/xwzx/2026/9/202609281628181115.jpg	UploadFiles/xwzx/2026/9/202609281628181115.jpg	251464	fa032fa22ed104d684419645e50451b67e7def03a3dfbee088140153e429b988	fa032fa22ed104d684419645e50451b67e7def03a3dfbee088140153e429b988	
UploadFiles/xwzx/2026/9/202609281628182106.jpg	UploadFiles/xwzx/2026/9/202609281628182106.jpg	1534430	b2c2297b8f158b0516327cf4b5881db157cdbdb3556e810605e31e74b41b39f5	b2c2297b8f158b0516327cf4b5881db157cdbdb3556e810605e31e74b41b39f5	
UploadFiles/xwzx/2026/9/202609281628183996.jpg	UploadFiles/xwzx/2026/9/202609281628183996.jpg	1624204	57a3b82cd29d98d43ed127b759e5e31b42b83376ed330869bbcc2f4a202ae62d	57a3b82cd29d98d43ed127b759e5e31b42b83376ed330869bbcc2f4a202ae62d	
UploadFiles/xwzx/2026/9/202609281628195679.jpg	UploadFiles/xwzx/2026/9/202609281628195679.jpg	624627	6cc728b6913716202ea5a85d39869946117f449b4c00f75ee3c0670f151b42b3	6cc728b6913716202ea5a85d39869946117f449b4c00f75ee3c0670f151b42b3	
UploadFiles/xwzx/2026/9/202609281628196361.jpg	UploadFiles/xwzx/2026/9/202609281628196361.jpg	1176371	ab6176e24f7964e42014242c800e10fa72821226c968f7df25a707d62eedf0f9	ab6176e24f7964e42014242c800e10fa72821226c968f7df25a707d62eedf0f9	
UploadFiles/xwzx/2026/9/202609281628198666.jpg	UploadFiles/xwzx/2026/9/202609281628198666.jpg	1425987	07b7d45e5a4697b2fa72e7467e30f1d1a6b99109d546b710c8b0b01977ce6bfc	07b7d45e5a4697b2fa72e7467e30f1d1a6b99109d546b710c8b0b01977ce6bfc	
UploadFiles/xwzx/2026/9/202609281628199788.jpg	UploadFiles/xwzx/2026/9/202609281628199788.jpg	371744	1340ac98c26a02f42490764fea95f1b7e16dea086b533631a7a9864750bc9f1e	1340ac98c26a02f42490764fea95f1b7e16dea086b533631a7a9864750bc9f1e	
UploadFiles/xwzx/2026/9/202609281630145314.JPG	UploadFiles/xwzx/2026/9/202609281630145314.jpg	16042159	346d14d73e23a42adacb80a7d94e5df4595b2155ed54ceb845335d3d8c74a884	346d14d73e23a42adacb80a7d94e5df4595b2155ed54ceb845335d3d8c74a884	
UploadFiles/xwzx/2026/9/202609281631173009.JPG	UploadFiles/xwzx/2026/9/202609281631173009.jpg	17417897	011b92a59be65146041132cdca3e0b3825775eb955fb7271382c58d3739cfc26	011b92a59be65146041132cdca3e0b3825775eb955fb7271382c58d3739cfc26	
UploadFiles/xwzx/2026/9/202609281631390267.JPG	UploadFiles/xwzx/2026/9/202609281631390267.jpg	14095380	c8ecf27e4b8c9acb94f84747e6c6e9ade1ffefb1663a10f143889011f8efe53e	c8ecf27e4b8c9acb94f84747e6c6e9ade1ffefb1663a10f143889011f8efe53e	
UploadFiles/xwzx/2026/9/202609281631390267_600_340.JPG	UploadFiles/xwzx/2026/9/202609281631390267_600_340.jpg	69224	fa3ddde0b80407928f0e8a68838674ae74cf9e45c55c5d8bb0cc1a0c200f3736	fa3ddde0b80407928f0e8a68838674ae74cf9e45c55c5d8bb0cc1a0c200f3736	
UploadFiles/xwzx/2026/9/202609281636166353.jpg	UploadFiles/xwzx/2026/9/202609281636166353.jpg	2759410	9debf5496f39b9622da33db1f3c6c0dc167831f21117003ff53589aa66073ca6	9debf5496f39b9622da33db1f3c6c0dc167831f21117003ff53589aa66073ca6	
UploadFiles/xwzx/2026/9/202609281636169444.jpg	UploadFiles/xwzx/2026/9/202609281636169444.jpg	7181425	c04eafc84fbc4fa27936c8cf5ed166f700aa397a52ce5dd285a6007921124cc5	c04eafc84fbc4fa27936c8cf5ed166f700aa397a52ce5dd285a6007921124cc5	
UploadFiles/xwzx/2026/9/202609281636169444_600_340.jpg	UploadFiles/xwzx/2026/9/202609281636169444_600_340.jpg	59904	fe0820a26bbe25528cf43da942fdbcf32a5b156ad2bc8cedde7974104ed51412	fe0820a26bbe25528cf43da942fdbcf32a5b156ad2bc8cedde7974104ed51412	
UploadFiles/xwzx/2026/9/202609281636170631.jpg	UploadFiles/xwzx/2026/9/202609281636170631.jpg	923319	65c5f043a87d327d0a994f44bfcf76d1c9f9d58e9c7b3c247e2f91ba76b9eff1	65c5f043a87d327d0a994f44bfcf76d1c9f9d58e9c7b3c247e2f91ba76b9eff1	
UploadFiles/xwzx/2026/9/202609281636180364.jpg	UploadFiles/xwzx/2026/9/202609281636180364.jpg	2493660	e43b4cfd8300829151c7bbc0d16daec0698404fe81865b88d15a5c446ed78632	e43b4cfd8300829151c7bbc0d16daec0698404fe81865b88d15a5c446ed78632	
UploadFiles/xwzx/2026/9/202609281636183189.jpg	UploadFiles/xwzx/2026/9/202609281636183189.jpg	948063	9cc031259fcdf3fe93c387f9263437880f6a9e3a9cfa85293ba9d2a1062ffc2d	9cc031259fcdf3fe93c387f9263437880f6a9e3a9cfa85293ba9d2a1062ffc2d	
UploadFiles/xwzx/2026/9/202609281636195819.jpg	UploadFiles/xwzx/2026/9/202609281636195819.jpg	1007476	cc2f68c8f24d81597614003185c2c630e3e34828ecd7ebe580313a9eead3da05	cc2f68c8f24d81597614003185c2c630e3e34828ecd7ebe580313a9eead3da05	
UploadFiles/xwzx/2026/9/202609281636198538.jpg	UploadFiles/xwzx/2026/9/202609281636198538.jpg	359982	f886029f82ed04fc56d59fca344c8089e621b003bab86aa6cd07f686cd6f8bb3	f886029f82ed04fc56d59fca344c8089e621b003bab86aa6cd07f686cd6f8bb3	
UploadFiles/xwzx/2026/9/202609281636206656.jpg	UploadFiles/xwzx/2026/9/202609281636206656.jpg	2297540	5521e576845cdff2c41ab41c0b7963e23574a7bf7decada6a94ea4a713d00b25	5521e576845cdff2c41ab41c0b7963e23574a7bf7decada6a94ea4a713d00b25	
UploadFiles/xwzx/2026/9/202609281636211191.jpg	UploadFiles/xwzx/2026/9/202609281636211191.jpg	1976964	607149a2f605937c6766460462a7a1660dc5a772b3b48c472ea2489b2869c684	607149a2f605937c6766460462a7a1660dc5a772b3b48c472ea2489b2869c684	
UploadFiles/xwzx/2026/9/202609281636222333.jpg	UploadFiles/xwzx/2026/9/202609281636222333.jpg	2157186	f11852a1f534f1e24dca4ce9b04fd27a9031c8614c3f2ec4dd868c0c70fe7024	f11852a1f534f1e24dca4ce9b04fd27a9031c8614c3f2ec4dd868c0c70fe7024	
UploadFiles/xwzx/2026/9/202609281636247219.jpg	UploadFiles/xwzx/2026/9/202609281636247219.jpg	2044137	c13d812363f28c2544663ef192a258d1edada6fd37a39b684f81fce1f14931ff	c13d812363f28c2544663ef192a258d1edada6fd37a39b684f81fce1f14931ff	
UploadFiles/xwzx/2026/9/202609281636249939.jpg	UploadFiles/xwzx/2026/9/202609281636249939.jpg	1895690	0d4e645fc6d5717859dfc96edba8bca1b76d8d41003a2b9fef6bb57deae42d2b	0d4e645fc6d5717859dfc96edba8bca1b76d8d41003a2b9fef6bb57deae42d2b	
UploadFiles/xwzx/2026/9/202609281636264558.jpg	UploadFiles/xwzx/2026/9/202609281636264558.jpg	2304273	9899ab5f446a869dfe667955f481f4aa6bc91302e77f0e681a57c7af4f65c44d	9899ab5f446a869dfe667955f481f4aa6bc91302e77f0e681a57c7af4f65c44d	
UploadFiles/xwzx/2026/9/202609281636284621.JPG	UploadFiles/xwzx/2026/9/202609281636284621.jpg	1217314	d243b5ceb674b7abdbb4b686547f89349712e3590965ac1f7c3fc72087be17d7	d243b5ceb674b7abdbb4b686547f89349712e3590965ac1f7c3fc72087be17d7	
UploadFiles/xwzx/2026/9/202609281636292450.JPG	UploadFiles/xwzx/2026/9/202609281636292450.jpg	856226	d9d16bf862cbbe68081028b9b908d2e7c578ba0028ead8ee69f0a792ae2b15bc	d9d16bf862cbbe68081028b9b908d2e7c578ba0028ead8ee69f0a792ae2b15bc	
UploadFiles/xwzx/2026/9/202609281636300763.JPG	UploadFiles/xwzx/2026/9/202609281636300763.jpg	925628	4652046f0f10ee4e1febdaf019047304111b184d3b560be7530ed4bdc7b43859	4652046f0f10ee4e1febdaf019047304111b184d3b560be7530ed4bdc7b43859	
UploadFiles/xwzx/2026/9/202609281636321609.jpg	UploadFiles/xwzx/2026/9/202609281636321609.jpg	10887777	467c26188f1d9b7403e18106b771640bd54ac6e61960d34d2f22bebcf98490ba	467c26188f1d9b7403e18106b771640bd54ac6e61960d34d2f22bebcf98490ba	
UploadFiles/xwzx/2026/9/202609281636354420.JPG	UploadFiles/xwzx/2026/9/202609281636354420.jpg	16922755	d0803782862dbf8e3281ec8707e330a892c881ea99fedd27764ca842e8b18d1d	d0803782862dbf8e3281ec8707e330a892c881ea99fedd27764ca842e8b18d1d	
UploadFiles/xwzx/2026/9/202609300913160842.png	UploadFiles/xwzx/2026/9/202609300913160842.png	353163	7972235196a57ad4dd205f856296a4274f22f9c69f58be2a65de80c1ef6ba1f1	7972235196a57ad4dd205f856296a4274f22f9c69f58be2a65de80c1ef6ba1f1	
UploadFiles/xwzx/2026/9/202609301059564419.png	UploadFiles/xwzx/2026/9/202609301059564419.png	11422	7ac2de778f1cdc236cae609abeeb2612310e35791f6d3e6e44defebbcb03b329	7ac2de778f1cdc236cae609abeeb2612310e35791f6d3e6e44defebbcb03b329	
UploadFiles/xwzx/2026/9/202609301453591575.png	UploadFiles/xwzx/2026/9/202609301453591575.png	7480	029fb962f721ba49b9b8f1b517007a7652ce64b82d9ee07b300af277d1fd2173	029fb962f721ba49b9b8f1b517007a7652ce64b82d9ee07b300af277d1fd2173	
UploadFiles/xwzx/2026/9/202609301453599154.png	UploadFiles/xwzx/2026/9/202609301453599154.png	13928	664f8b219fc6b1e2a88b4e9476aea5cc4c2b9d36ca90fcab8fa1424e2a3a77aa	664f8b219fc6b1e2a88b4e9476aea5cc4c2b9d36ca90fcab8fa1424e2a3a77aa	
UploadFiles/xwzx/2026/9/202609301459523705.png	UploadFiles/xwzx/2026/9/202609301459523705.png	24825	c60c49ea0a54dd5e335bf536966b154fe04daac2109cc4a89badda7e3866c372	c60c49ea0a54dd5e335bf536966b154fe04daac2109cc4a89badda7e3866c372	
UploadFiles/xwzx/2026/9/202609301504154946.png	UploadFiles/xwzx/2026/9/202609301504154946.png	10269	e8b71caf7f4e450c0df50fc2f124d71badd06f1b9e8623d72bb6d534ea288cdf	e8b71caf7f4e450c0df50fc2f124d71badd06f1b9e8623d72bb6d534ea288cdf	
